"participant_id","father_age","mother_age","household_income_pre_tax","father_married_to_mother","father_living_with_mother","mother_part_labor_union","mother_part_community_org","mother_part_children_group","mother_political_demonstration","father_vote_nov2020","mother_vote_nov2020","father_par_labor_union","father_par_community_org","father_par_children_group","father_political_demonstration","race_category","hispanic_origin"
"0001",32,29,55000,0,1,0,0,1,0,1,1,0,0,0,0,"Black","No Information"
"0003",29,26,150000,0,1,0,0,0,0,1,1,0,0,0,0,"White","No Information"
"0009",28,27,50000,0,0,0,0,1,1,0,0,0,0,0,0,"American Indian","No Information"
"0011",24,21,26000,1,0,0,0,0,0,1,1,0,0,0,0,"Black","No Information"
"0012",21,23,10000,0,0,0,0,0,0,0,0,0,0,0,0,"Black","No Information"
"0014",25,26,60000,0,0,0,0,0,0,0,0,0,0,0,0,"Black","No Information"
"0016",27,21,34500,0,0,0,0,0,0,1,1,0,0,0,0,"Black","No Information"
"0023",24,22,60000,1,0,0,0,0,0,0,1,0,0,0,0,"Other","No Information"
"0024",39,35,65000,1,0,0,0,0,0,1,0,0,1,0,0,"No Information","No Information"
"0030",21,21,60000,0,0,0,1,0,1,1,1,1,1,1,0,"American Indian","No Information"
"0035",32,32,14000,1,0,0,0,0,0,1,1,0,1,1,0,"Other","No Information"
"0038",37,32,5000,0,1,0,0,0,0,1,1,0,0,0,0,"White","No Information"
"0041",30,29,33000,1,0,0,1,0,0,0,1,0,0,0,0,"White","No Information"
"0047",24,25,20000,0,0,0,0,0,0,1,1,0,0,0,0,"Other","No Information"
"0051",46,33,275000,1,0,0,1,1,0,0,1,0,0,0,0,"White","No Information"
"0054",49,40,315000,1,0,0,1,1,0,1,1,0,0,0,0,"White","No Information"
"0058",32,30,50000,1,0,0,0,1,0,1,1,0,0,1,0,"White","No Information"
"0074",31,29,70000,1,0,0,0,1,0,1,1,0,0,0,1,"Black","No Information"
"0082",35,31,25000,1,0,0,0,0,0,1,1,0,0,0,0,"White","No Information"
"0084",53,40,56000,0,0,0,0,0,0,1,1,1,1,1,1,"Black","No Information"
"0105",31,27,26000,0,0,0,0,0,0,1,0,0,0,0,0,"Black","No Information"
"0108",35,35,370000,1,0,0,0,0,0,1,1,0,0,0,1,"White","No Information"
"0109",24,23,48000,0,1,0,0,0,0,1,1,0,0,1,0,"Black","No Information"
"0113",23,22,8000,0,0,0,1,0,0,0,0,0,0,0,0,"Other","No Information"
"0115",45,45,30000,0,0,0,0,0,0,1,1,0,0,0,0,"Black","No Information"
"0117",29,29,90000,1,0,0,0,0,0,1,0,1,0,0,0,"White","No Information"
"0119",22,26,13000,0,0,0,0,0,0,0,1,0,0,0,1,"Black","No Information"
"0120",37,41,70000,0,1,1,0,0,0,0,1,0,0,0,0,"Black","No"
"0122",40,36,80000,0,1,1,1,1,0,1,1,1,0,0,1,"Black","No Information"
"0134",34,31,70000,1,0,0,0,0,1,1,1,0,0,0,0,"Black","No Information"
"0137",36,35,81000,1,0,0,1,1,0,1,1,0,1,1,0,"No Information","No Information"
"0138",34,35,50000,0,0,0,0,0,0,1,1,1,0,0,0,"Other","No Information"
"0139",24,23,12000,1,0,0,0,0,0,0,0,0,0,0,0,"Black","No Information"
"0141",40,36,250000,1,0,0,0,1,0,1,1,0,0,1,1,"White","No Information"
"0145",31,31,96000,1,0,0,0,0,0,0,1,0,0,1,0,"White","No Information"
"0146",33,34,40000,1,0,0,1,0,0,1,1,0,1,0,1,"White","No Information"
"0148",22,25,6000,0,1,0,0,0,0,0,1,0,0,0,0,"Black","No Information"
"0156",30,24,4000,0,0,0,0,1,0,0,1,0,0,0,0,"Black","No Information"
"0157",32,31,65000,0,0,0,0,1,0,1,1,1,0,0,0,"Black","No Information"
"0161",22,22,8000,0,0,0,0,0,0,0,1,0,0,0,0,"Black","No Information"
"0171",40,39,55000,1,0,0,0,0,0,1,1,0,0,0,0,"White","No Information"
"0174",43,36,150000,1,0,0,0,0,1,1,1,0,1,1,0,"Black","No"
"0180",31,29,47000,0,1,0,1,1,1,1,1,0,0,0,0,"White","No Information"
"0186",42,40,160000,1,0,0,1,1,0,1,1,0,1,1,0,"White","No Information"
"0187",33,33,16000,1,0,0,0,1,0,0,1,0,0,0,0,"Black","No Information"
"0188",23,26,28000,0,1,1,0,1,0,1,1,1,0,1,0,"No Information","No Information"
"0190",33,31,66000,1,0,0,1,1,0,1,1,1,0,1,0,"White","No Information"
"0197",38,27,50000,1,0,0,0,1,0,1,1,1,1,1,0,"Black","No Information"
"0198",46,39,320000,1,0,0,0,1,0,1,1,0,0,1,0,"White","No Information"
"0199",25,25,80000,0,0,0,0,0,0,0,0,0,0,0,0,"Other","No Information"
"0202",46,44,66000,1,0,0,0,0,1,1,1,1,0,1,0,"Black","No Information"
"0207",29,36,70000,1,0,0,0,0,0,1,1,0,1,0,0,"American Indian","No Information"
"0223",28,28,140000,1,0,0,0,0,0,1,1,0,0,0,0,"White","No Information"
"0228",30,31,80000,1,0,1,1,1,1,1,1,0,0,0,0,"Black","No Information"
"0230",28,28,78000,1,0,0,0,0,0,1,1,0,0,1,0,"Black","No Information"
"0233",26,23,70000,0,0,0,0,0,0,1,1,0,0,0,0,"Other","No Information"
"0234",22,21,40000,0,1,0,0,0,0,1,1,0,0,0,0,"Black","No Information"
"0235",47,36,15000,0,0,0,0,1,0,0,1,0,0,0,0,"Black","No Information"
"0237",32,32,110000,1,0,1,0,0,1,1,1,0,0,0,0,"White","No"
"0238",35,35,34000,0,1,0,1,0,0,0,1,0,0,1,0,"Black","No Information"
"0241",33,31,1e+05,1,0,0,0,0,1,1,1,1,0,1,1,"Black","No Information"
"0247",28,23,32000,0,0,0,1,1,0,0,1,0,0,0,0,"Asian","No Information"
"0249",26,24,60000,0,1,0,0,0,0,1,1,0,0,0,0,"Other","No Information"
"0252",48,39,166000,1,0,0,1,1,0,1,1,0,0,1,0,"White","No Information"
"0255",33,31,75000,0,0,0,0,0,0,1,0,0,1,1,0,"American Indian","No"
"0257",30,31,45000,0,0,0,0,1,0,0,0,0,0,0,0,"Black","No Information"
"0268",30,22,110000,0,0,0,0,0,0,1,0,0,0,1,0,"Black","No Information"
"0276",31,31,60000,1,0,0,1,1,0,1,1,0,1,0,0,"White","No Information"
"0277",22,26,50000,0,1,0,0,0,0,1,1,1,0,0,0,"Black","No"
"0280",39,37,31000,1,0,1,0,0,0,1,1,1,0,0,1,"White","No Information"
"0281",23,30,43000,1,0,0,1,0,0,1,0,0,0,0,0,"No Information","No Information"
"0285",28,32,265000,1,0,0,0,0,0,1,0,1,0,1,0,"Black","No Information"
"0286",35,37,150000,1,0,0,0,1,0,1,1,1,1,1,1,"White","No Information"
"0287",37,25,75000,0,1,0,0,0,1,1,1,0,0,1,0,"No Information","No Information"
"0288",31,30,60000,0,1,0,1,1,0,1,1,0,0,0,0,"Black","No Information"
"0289",27,24,40000,0,0,0,0,1,0,0,1,0,1,0,0,"White","No Information"
"0298",29,25,30000,0,1,0,0,0,0,1,1,0,0,0,0,"Black","No"
"0302",24,22,35000,0,1,0,0,0,0,0,0,0,0,0,0,"No Information","No Information"
"0303",25,23,19000,1,0,0,0,0,0,0,0,0,1,1,0,"Black","No Information"
"0304",40,40,77000,0,1,0,0,0,0,1,1,0,0,0,0,"Asian","No Information"
"0305",32,35,43000,0,0,0,0,0,0,1,0,1,0,0,0,"Black","No Information"
"0309",29,33,60000,1,0,0,0,0,0,1,1,0,0,0,0,"White","No Information"
"0312",26,22,10000,0,1,0,0,0,0,1,1,0,0,0,0,"Other","Yes"
"0318",40,26,175000,0,1,1,0,0,0,1,1,0,0,0,0,"No Information","No Information"
"0321",42,39,80000,1,0,1,1,1,0,1,1,0,1,1,0,"Black","No Information"
"0323",28,23,43000,0,1,0,0,1,0,0,1,0,0,0,0,"No Information","No Information"
"0325",28,27,0,0,0,0,0,0,0,1,1,0,0,0,0,"Black","No Information"
"0326",36,27,70000,0,1,0,0,0,0,1,1,0,1,1,0,"Black","No"
"0328",22,32,30000,0,0,0,1,1,0,1,0,0,1,1,0,"Black","No Information"
"0329",36,20,15000,0,1,0,0,0,0,0,0,0,0,0,0,"White","No Information"
"0332",26,26,16000,0,1,0,0,0,0,0,1,1,0,0,0,"Black","No"
"0334",23,23,44000,0,1,0,0,0,0,1,0,0,0,0,0,"White","No Information"
"0336",35,36,130000,1,0,1,0,1,0,1,1,0,0,0,0,"White","No Information"
"0339",41,41,35000,1,0,0,0,0,0,1,0,0,0,0,0,"White","No Information"
"0340",26,27,65000,0,0,0,0,1,0,0,0,0,0,0,0,"White","No Information"
"0341",23,22,17000,1,0,0,1,1,0,1,1,1,0,0,0,"Black","No Information"
"0348",32,32,72000,1,0,0,0,1,0,1,1,1,1,1,0,"Black","No"
"0353",32,24,32000,0,1,0,0,0,0,1,0,1,0,0,1,"Other","No Information"
"0369",23,21,40000,0,1,0,0,0,0,0,0,0,0,0,0,"White","No Information"
"0370",33,24,40000,0,0,0,0,0,0,1,1,0,0,0,0,"Black","No Information"
"0381",24,20,10000,0,1,0,0,0,0,0,1,0,0,0,0,"Black","No Information"
"0386",38,41,1e+05,1,0,0,0,1,0,0,0,1,0,1,0,"White","Yes"
"0387",36,36,13000,0,1,0,1,0,0,0,0,0,0,0,0,"Black","No"
"0389",20,20,11000,0,0,0,0,0,1,1,1,0,0,0,0,"Black","No Information"
"0393",30,36,33000,1,0,0,0,0,0,1,1,0,0,1,0,"White","No Information"
"0397",23,24,1e+05,0,1,0,0,0,0,1,1,1,0,0,1,"Black","No Information"
"0398",26,25,50000,0,0,0,0,0,0,1,1,0,0,1,0,"Black","No Information"
"0401",24,22,30000,0,0,0,0,0,0,0,0,0,0,0,0,"Black","No"
"0402",27,21,4000,0,0,0,0,0,0,0,1,0,0,0,0,"No Information","No Information"
"0405",36,31,118000,1,0,1,0,1,0,1,1,0,0,0,0,"White","No"
"0410",38,35,180000,1,0,0,0,0,0,1,1,0,0,0,0,"Black","No Information"
"0411",23,26,60000,0,1,0,0,1,0,1,1,0,0,0,0,"Black","No Information"
"0414",22,23,45000,1,0,0,0,0,0,1,1,1,0,0,0,"White","No Information"
"0417",24,27,40000,1,0,0,0,0,0,0,0,0,0,1,0,"White","No Information"
"0420",24,29,39000,0,0,0,0,0,0,1,0,0,1,1,0,"No Information","No Information"
"0422",36,28,50000,1,0,0,0,1,0,1,1,0,0,1,0,"White","No Information"
"0426",37,29,30000,0,1,0,1,0,0,1,1,0,0,1,0,"Other","No Information"
"0431",38,37,30000,0,0,0,0,0,0,0,1,1,1,0,1,"Black","No Information"
"0433",34,30,54000,1,0,0,1,1,0,1,1,0,0,0,0,"Black","No Information"
"0438",38,34,58000,0,1,0,0,1,1,0,0,1,1,1,1,"Black","No Information"
"0443",50,45,48000,1,0,1,0,1,0,1,1,0,0,0,0,"White","No Information"
"0444",32,36,8000,0,0,0,0,0,0,1,0,0,0,0,0,"No Information","No Information"
"0445",36,35,45000,1,0,0,0,0,0,1,0,1,0,0,0,"White","No Information"
"0446",31,29,95000,1,0,0,1,1,1,1,0,0,0,0,0,"White","No Information"
"0454",30,30,102500,1,0,0,0,1,0,0,1,1,1,1,0,"White","No Information"
"0455",23,22,60000,0,1,0,0,0,0,0,1,0,0,0,0,"Black","No Information"
"0459",33,28,98000,1,0,0,0,0,0,1,1,0,1,0,0,"White","No Information"
"0465",22,23,4000,0,1,0,0,1,0,0,1,0,0,0,0,"American Indian","No Information"
"0466",44,34,54000,0,0,0,1,1,0,1,1,0,0,0,0,"Black","No Information"
"0468",40,35,35000,1,0,0,0,1,0,0,0,0,0,0,0,"White","No Information"
"0473",31,32,2e+05,1,0,0,0,0,0,1,1,0,0,0,0,"Other","No Information"
"0474",39,29,26000,0,0,0,0,0,0,1,1,0,1,1,1,"Black","No Information"
"0476",24,21,60000,0,1,0,0,1,0,1,1,1,0,1,0,"White","No Information"
"0478",26,22,10000,0,0,0,0,0,0,0,1,0,0,0,0,"Black","No Information"
"0480",38,36,45000,1,0,0,0,0,0,0,0,0,0,1,0,"Black","No Information"
"0482",47,38,98000,1,0,0,1,1,0,1,1,0,0,0,0,"White","No Information"
"0487",35,36,55000,1,0,0,1,1,0,0,1,0,0,0,0,"White","No Information"
"0493",40,36,20000,0,0,0,0,0,0,0,0,0,0,0,0,"No Information","No Information"
"0498",26,24,60000,0,0,0,1,0,0,1,1,0,0,0,0,"Black","No"
"0500",40,36,60000,1,0,0,0,0,0,1,1,0,0,0,0,"White","No Information"
"0503",29,24,200,1,0,0,0,0,0,1,1,0,0,0,0,"White","No Information"
"0510",30,34,30000,0,1,0,0,0,0,0,1,0,0,0,0,"Black","No Information"
"0511",34,33,42000,0,0,0,0,1,0,0,0,0,1,0,0,"White","No"
"0514",27,22,30000,0,0,0,0,0,0,0,1,0,0,0,0,"White","No Information"
"0515",24,22,30000,0,0,0,0,1,0,0,0,0,0,0,0,"White","No Information"
"0517",33,33,37000,1,0,0,0,0,0,0,1,0,0,0,0,"Black","No Information"
"0521",41,26,45000,0,0,0,0,0,0,1,1,0,0,0,0,"Black","No Information"
"0531",38,36,50000,1,0,1,0,1,0,0,1,0,1,1,0,"Black","No Information"
"0533",28,28,30000,1,0,0,0,0,0,1,1,0,1,1,0,"Black","No Information"
"0539",22,21,60000,0,0,0,0,0,0,0,1,0,0,0,1,"Black","No"
"0541",29,35,50000,0,0,0,0,0,0,1,1,0,0,0,0,"White","No Information"
"0544",35,41,30000,1,0,0,0,0,1,1,1,0,0,0,1,"Black","No"
"0547",43,26,32000,1,0,0,0,0,0,1,1,0,1,0,1,"Black","No Information"
"0552",23,21,24000,0,1,0,0,0,0,0,1,0,0,0,1,"Black","No Information"
"0556",37,32,25000,0,0,0,0,0,0,1,1,0,0,0,1,"Black","No Information"
"0557",29,28,36000,0,0,0,0,0,0,1,0,0,0,0,0,"Other","No Information"
"0563",22,22,38000,0,1,0,0,0,0,0,0,0,0,0,0,"White","No Information"
"0564",34,33,3000,1,0,0,0,0,0,0,0,1,0,1,0,"Black","No Information"
"0566",68,39,12000,0,1,1,1,1,0,1,1,1,1,0,1,"Black","No Information"
"0568",35,33,90000,1,0,0,0,0,0,0,1,0,0,0,0,"White","No"
"0572",39,44,123000,1,0,0,0,1,0,1,1,0,0,0,0,"White","No Information"
"0578",32,27,60000,1,0,0,0,0,0,1,1,1,0,0,1,"Black","No Information"
"0589",22,22,50000,0,1,0,0,0,0,1,1,0,0,0,0,"Black","No Information"
"0593",29,28,33000,1,0,0,0,0,0,1,1,0,1,1,0,"White","No Information"
"0594",27,25,30000,0,0,0,0,1,0,1,1,1,0,0,1,"Black","No Information"
"0598",28,20,23000,1,0,0,0,0,0,1,1,0,1,1,1,"Other","No Information"
"0609",29,33,18000,0,0,0,0,0,0,0,1,0,0,0,0,"No Information","No Information"
"0613",28,24,0,0,0,0,0,1,0,0,0,0,0,0,0,"White","No Information"
"0616",33,23,122000,0,0,0,0,0,0,1,1,0,1,0,0,"Black","No Information"
"0619",23,21,45000,0,0,0,0,0,0,0,0,0,0,0,0,"Black","No Information"
"0620",39,26,38000,0,0,0,0,1,0,1,1,0,1,1,0,"No Information","No Information"
"0621",23,23,18000,0,1,0,0,0,0,0,0,0,0,0,1,"Black","No Information"
"0624",22,22,31000,0,0,0,0,0,0,0,0,1,0,1,0,"Black","No Information"
"0625",29,24,25000,0,1,0,0,0,0,1,1,0,0,0,0,"Other","No Information"
"0638",30,28,26000,0,1,0,0,0,0,1,1,0,0,0,0,"Other","No Information"
"0641",29,29,55700,0,0,0,0,0,0,1,1,0,0,0,0,"White","No Information"
"0642",36,29,50000,0,1,1,1,1,0,1,1,0,0,0,0,"Black","No"
"0652",28,26,53000,1,0,0,0,0,0,1,0,0,0,0,0,"White","No Information"
"0654",22,22,45000,0,0,0,0,1,0,0,1,0,0,1,0,"White","No Information"
"0667",29,24,300,0,0,0,0,0,0,0,1,0,0,0,0,"Black","No Information"
"0675",46,38,2e+05,1,0,0,1,1,0,1,1,0,0,1,0,"White","No Information"
"0679",34,24,27000,0,1,0,0,0,0,1,1,1,1,1,1,"Black","No Information"
"0680",42,42,85000,1,0,1,0,0,0,1,1,0,0,0,1,"Black","No Information"
"0681",33,33,360000,1,0,0,0,0,0,0,1,0,0,1,0,"Other","No Information"
"0684",46,47,15000,0,1,0,0,0,0,1,1,0,1,0,0,"Other","No Information"
"0688",33,31,38000,1,0,0,0,1,0,1,0,0,0,0,0,"White","No Information"
"0692",20,17,12000,1,0,0,0,0,0,1,0,0,0,0,0,"Other","No Information"
"0694",23,22,60000,0,1,0,0,0,0,1,1,0,0,0,0,"No Information","No Information"
"0696",26,23,35000,1,0,0,0,0,0,1,1,0,0,0,0,"White","No Information"
"0697",23,23,29000,0,1,0,0,1,0,0,0,0,0,1,0,"White","No Information"
"0698",36,31,48500,0,0,0,0,0,0,1,1,1,1,0,0,"Black","No Information"
"0699",36,31,20000,1,0,0,0,1,0,1,0,0,0,0,0,"Black","No Information"
"0704",40,41,1e+05,1,0,0,0,1,0,1,1,0,0,1,0,"White","No"
"0706",41,35,35000,1,0,0,0,0,0,1,1,0,0,0,1,"White","No Information"
"0709",25,22,800,0,0,0,0,0,0,1,0,0,0,0,0,"No Information","No Information"
"0720",35,34,41000,0,0,0,0,1,0,1,1,1,1,1,0,"Black","No"
"0721",32,31,50000,0,0,0,0,1,0,0,1,0,0,0,0,"Black","No"
"0725",34,32,52000,0,1,0,0,0,0,1,1,0,0,0,0,"Black","Yes"
"0726",38,33,89000,1,0,0,0,0,0,1,1,0,0,0,0,"White","No Information"
"0727",31,29,45000,0,0,0,0,0,0,1,1,0,0,0,0,"Black","No Information"
"0730",43,39,54000,1,0,0,0,1,0,1,1,0,0,0,0,"Black","No"
"0736",32,23,30000,0,0,0,0,0,0,0,0,0,0,0,0,"Black","No Information"
"0738",37,23,18000,0,0,0,1,1,0,0,0,0,1,1,1,"Asian","No Information"
"0739",28,27,20000,0,1,0,0,0,0,1,0,0,0,0,0,"No Information","No Information"
"0744",31,30,1e+05,0,0,0,0,1,0,0,1,0,0,0,0,"White","No Information"
"0745",27,20,120000,0,0,0,0,0,0,0,0,0,0,0,0,"Black","No"
"0746",28,25,52000,0,0,0,0,1,0,0,1,0,0,0,0,"White","No Information"
"0747",23,22,13000,1,0,0,0,0,0,0,1,0,0,0,0,"American Indian","No Information"
"0749",47,39,170000,1,0,0,0,0,0,1,1,1,0,1,0,"Black","No Information"
"0753",29,28,18000,0,0,0,1,1,0,1,1,1,0,1,1,"No Information","No Information"
"0762",23,23,44000,0,1,0,0,0,0,1,1,0,0,0,0,"Black","Yes"
"0764",25,24,15000,1,0,0,0,1,0,0,1,0,1,1,0,"Black","No Information"
"0765",40,29,26000,0,0,0,0,0,0,0,1,0,0,1,0,"White","No Information"
"0768",37,33,90000,1,0,0,0,0,0,1,1,0,0,0,0,"White","No Information"
"0771",31,32,31000,1,0,0,0,0,0,0,0,0,0,0,0,"White","No Information"
"0772",40,43,10000,0,1,0,0,0,0,1,1,0,0,0,0,"Black","No Information"
"0776",40,41,35000,0,0,0,0,0,0,1,0,0,1,0,0,"White","No Information"
"0783",28,29,68000,1,0,0,0,0,0,0,1,0,0,0,0,"Black","No Information"
"0788",38,38,55000,0,0,0,0,1,0,1,1,0,0,0,0,"Black","No Information"
"0801",22,22,30000,0,0,1,0,0,0,0,0,0,0,0,0,"Black","No Information"
"0802",30,27,85000,1,0,0,0,0,0,1,1,0,0,1,0,"White","No Information"
"0805",25,35,88000,1,0,0,0,0,0,1,0,0,0,1,0,"White","No Information"
"0807",21,23,5000,0,0,0,0,0,0,1,1,0,0,0,0,"Black","No Information"
"0811",24,25,14000,0,0,0,0,0,0,0,1,0,0,0,0,"No Information","No Information"
"0816",48,30,60000,0,0,0,0,0,0,1,1,1,0,0,0,"No Information","No Information"
"0819",33,35,40000,1,0,0,1,1,0,0,0,0,1,1,0,"White","No Information"
"0822",50,40,38000,0,0,0,0,0,0,1,1,0,0,0,0,"No Information","No Information"
"0823",27,26,125000,0,0,0,0,0,0,1,1,0,0,0,0,"Black","No Information"
"0824",26,22,35000,1,0,0,0,0,0,1,0,0,0,0,0,"White","No Information"
"0825",35,32,18000,0,0,1,1,1,1,0,1,0,0,0,0,"Black","No Information"
"0829",22,22,27000,0,1,0,0,0,0,1,1,0,0,1,0,"No Information","No Information"
"0835",33,30,35000,1,0,0,0,1,0,0,1,0,1,1,1,"Other","No Information"
"0839",41,37,15000,0,0,0,1,0,0,0,1,0,0,0,0,"Black","No"
"0844",34,29,70000,1,0,1,1,0,0,1,1,1,0,0,0,"No Information","No Information"
"0845",33,32,65000,1,0,0,0,0,0,1,1,0,0,0,0,"White","No Information"
"0856",40,38,150000,1,0,0,0,1,0,1,1,1,1,1,0,"White","No Information"
"0858",22,27,28000,0,0,0,0,1,0,0,0,0,0,0,0,"American Indian","No Information"
"0861",35,32,70000,1,0,0,0,1,0,1,1,0,0,1,0,"White","No Information"
"0862",29,33,1e+05,1,0,0,0,0,0,1,1,0,0,0,0,"Black","No Information"
"0863",29,22,75000,1,0,0,0,1,0,0,1,1,0,0,0,"Black","No Information"
"0866",28,28,70000,1,0,0,0,0,1,1,1,0,1,0,0,"White","No"
"0871",28,24,62000,1,0,0,0,1,1,1,1,0,0,1,0,"Black","No Information"
"0877",31,26,35000,1,0,0,0,0,0,0,0,0,0,0,0,"No Information","No Information"
"0883",25,22,0,0,0,0,0,0,0,0,0,0,0,0,0,"Black","No Information"
"0889",32,31,45000,1,0,0,1,0,0,1,1,0,1,0,0,"White","No Information"
"0892",23,22,23000,0,0,0,0,0,0,0,0,0,0,0,0,"Other","No Information"
"0893",35,35,65000,1,0,0,0,0,0,1,1,0,0,0,0,"White","No Information"
"0898",33,33,95000,1,0,0,1,1,0,1,1,0,0,0,0,"White","No Information"
"0906",31,30,32000,1,0,0,1,0,0,0,0,0,0,0,0,"Black","No Information"
"0909",39,34,23000,0,0,1,0,1,0,0,1,0,1,0,0,"Other","No"
"0913",33,33,60000,1,0,0,0,0,0,1,1,0,0,0,0,"White","No Information"
"0918",32,29,40000,1,0,0,0,0,0,0,1,0,0,0,0,"Black","No Information"
"0920",33,25,27000,0,0,0,0,1,0,1,1,1,1,0,0,"Black","No Information"
"0923",24,23,32000,0,0,0,0,0,0,1,1,0,1,1,0,"Black","No Information"
"0924",40,25,152000,0,0,0,0,1,0,1,1,0,1,1,0,"Black","No Information"
"0926",34,31,140000,1,0,0,0,0,0,1,1,0,0,0,0,"White","No Information"
"0933",24,22,15000,1,0,0,0,0,0,0,1,0,0,0,0,"Other","No Information"
"0937",26,32,20000,0,1,0,0,0,0,0,1,0,0,0,0,"Black","No Information"
"0942",37,34,40000,0,1,0,0,0,0,1,0,0,0,0,0,"Black","No Information"
"0943",36,40,30000,0,0,0,1,0,0,1,0,0,0,0,0,"Black","No Information"
"0945",22,28,27000,0,1,0,0,0,0,0,1,0,0,0,1,"White","No Information"
"0946",27,28,50000,0,1,1,0,1,0,1,1,1,0,1,0,"Black","No"
"0949",34,35,85000,1,0,1,0,1,1,1,1,0,0,0,0,"Other","No Information"
"0952",24,27,40000,0,0,0,0,0,0,1,1,0,0,0,1,"Black","No"
"0957",24,23,50000,0,0,0,0,0,0,0,1,0,0,0,0,"Black","No Information"
"0959",29,28,44000,1,0,0,0,0,0,1,1,0,0,0,0,"White","No Information"
"0960",34,30,3000,1,0,0,0,0,0,0,1,0,0,0,0,"Black","No Information"
"0964",34,30,85000,1,0,0,0,0,0,1,1,1,0,1,0,"No Information","No Information"
"0967",50,46,65000,1,0,0,1,1,1,1,1,0,0,0,0,"White","No Information"
"0982",24,22,37000,0,1,0,0,0,0,1,1,0,0,0,0,"White","No Information"
"0993",44,28,44000,0,0,0,0,0,0,1,0,0,1,1,0,"Black","No Information"
"1010",35,25,57000,0,0,0,1,0,0,1,1,0,0,1,0,"Black","No"
"1011",30,22,20000,0,0,0,0,0,0,0,1,0,0,0,0,"Black","No"
"1016",27,25,50000,1,0,1,0,0,0,1,1,0,0,0,0,"Black","No Information"
"1017",28,24,30000,0,1,0,0,0,0,0,0,0,0,0,0,"White","No Information"
"1019",38,33,15000,0,0,0,0,0,0,1,0,0,0,0,0,"No Information","No Information"
"1020",29,28,60000,1,0,0,0,0,0,1,0,1,0,0,1,"White","No Information"
"1021",42,26,33000,0,1,0,0,1,0,1,1,0,0,1,0,"Black","No Information"
"1022",25,26,40000,1,0,0,1,1,0,1,1,0,1,1,0,"White","No Information"
"1023",32,31,50000,1,0,0,0,1,0,1,1,0,0,0,1,"White","No Information"
"1025",38,35,19000,1,0,0,1,1,0,1,1,0,0,1,0,"White","No Information"
"1031",43,38,130000,1,0,0,0,1,0,1,1,0,1,1,0,"White","No Information"
"1036",29,37,30000,1,0,0,1,1,0,1,1,0,0,1,0,"Black","No Information"
"1041",60,44,70000,0,0,0,0,0,0,1,1,0,0,0,0,"No Information","No Information"
"1043",40,39,30000,0,1,0,0,0,0,0,1,1,0,0,0,"Black","No"
"1044",39,37,20000,0,1,0,0,0,0,1,1,0,0,1,0,"Black","No Information"
"1045",38,36,65000,1,0,1,1,1,0,1,1,0,0,0,0,"White","No Information"
"1050",38,36,45000,1,0,0,0,1,0,1,1,0,0,0,0,"White","No Information"
"1052",35,37,65000,1,0,0,0,1,0,1,1,1,0,0,0,"Black","No Information"
"1058",39,36,110000,1,0,0,0,0,0,1,1,0,0,0,0,"White","No Information"
"1059",32,31,48000,1,0,0,0,1,0,1,1,0,0,1,0,"White","No Information"
"1062",35,29,35000,1,0,0,0,0,0,1,1,0,0,0,0,"White","No Information"
"1067",29,28,1200,0,0,0,0,0,0,0,1,0,0,0,0,"Black","No Information"
"1072",38,33,110000,1,0,0,1,1,0,1,1,1,1,1,0,"Black","No Information"
"1074",34,33,25000,0,1,1,0,0,0,1,0,0,0,0,0,"Black","No Information"
"1075",38,28,19000,0,0,0,1,1,0,1,0,0,0,0,0,"Black","No Information"
"1076",22,31,60000,0,0,0,0,0,0,1,0,0,0,0,0,"Black","No Information"
"1079",29,26,35000,0,0,0,0,1,0,1,1,0,0,0,0,"Black","No"
"1089",39,23,37000,0,0,0,0,0,0,1,0,1,0,1,0,"Black","No Information"
"1093",40,42,40000,0,0,0,0,0,0,0,1,0,1,0,0,"Black","No Information"
"1095",27,25,65000,0,0,0,0,0,0,0,0,0,0,0,0,"White","No Information"
"1098",29,27,52000,1,0,0,0,1,0,1,1,0,0,0,0,"Black","No Information"
"1100",34,35,97000,0,1,0,0,0,0,1,1,1,1,0,0,"Black","No Information"
"1102",25,22,40000,0,1,0,0,0,0,1,1,0,0,0,0,"Black","No"
"1104",41,26,42000,1,0,0,0,0,0,1,1,0,0,0,0,"Black","No"
"1106",32,31,42000,1,0,0,0,0,0,1,1,0,0,0,0,"No Information","No Information"
"1107",33,30,20000,0,0,0,0,0,0,0,0,0,0,0,0,"White","No Information"
"1109",30,24,40000,0,1,0,0,1,0,1,0,0,0,0,0,"No Information","No Information"
"1110",24,28,28000,1,0,1,0,1,0,0,1,0,0,1,0,"Black","No Information"
"1115",27,25,75000,0,1,0,0,1,1,0,1,0,0,0,0,"Asian","No Information"
"1117",26,28,39000,0,1,1,0,0,0,0,0,0,0,0,0,"Black","No Information"
"1120",57,40,130000,1,0,0,0,1,0,1,1,0,1,1,0,"Black","No Information"
"1122",22,22,35000,0,0,0,0,0,0,0,1,0,0,0,0,"White","No Information"
"1123",34,34,175000,1,0,0,0,0,0,1,1,0,0,0,0,"White","No Information"
"1124",34,32,15000,1,0,0,0,0,0,0,1,0,0,0,0,"Other","No Information"
"1128",24,22,36000,0,1,0,0,0,0,0,1,0,0,0,0,"No Information","No Information"
"1131",24,23,60000,0,0,0,1,0,0,1,1,0,0,0,0,"White","No Information"
"1133",29,23,38000,0,1,0,0,0,0,1,1,0,0,0,1,"Black","No Information"
"1139",34,33,60000,1,0,0,0,0,0,0,0,1,0,0,0,"White","No Information"
"1150",39,33,45000,0,1,0,0,0,0,1,1,0,1,0,0,"White","No Information"
"1156",38,32,30000,0,0,0,0,0,0,1,1,0,0,1,0,"No Information","No Information"
"1159",32,31,95000,1,0,0,1,0,0,1,1,0,0,0,0,"White","No"
"1162",35,36,80000,1,0,0,0,0,0,1,0,0,0,0,0,"White","No Information"
"1164",40,40,95000,1,0,0,0,0,0,1,1,0,0,0,0,"White","No Information"
"1166",40,33,32000,1,0,0,0,0,0,0,1,0,0,0,0,"White","No Information"
"1169",24,23,17000,0,1,0,0,0,0,1,0,0,1,1,0,"White","No Information"
"1170",30,29,30000,1,0,0,0,0,0,1,0,0,0,0,0,"No Information","No Information"
"1171",32,34,230000,1,0,0,0,0,1,1,1,0,0,0,0,"White","No Information"
"1172",24,23,30000,1,0,0,0,0,0,1,0,0,0,0,0,"Black","No Information"
"1180",42,32,62000,1,0,0,0,0,1,1,1,1,1,1,0,"White","No Information"
"1186",30,40,110000,1,0,0,1,0,0,1,1,0,1,0,0,"White","No Information"
"1188",22,22,80000,0,0,0,0,1,0,0,1,0,0,0,0,"Black","No Information"
"1191",26,24,40000,0,1,0,0,0,0,1,1,0,0,0,0,"Black","No Information"
"1197",31,30,35000,1,0,0,0,0,0,0,1,0,0,0,0,"Black","No Information"
"1203",33,34,35000,0,1,0,0,1,0,0,0,1,0,0,0,"Black","No Information"
"1207",34,28,42000,0,0,1,1,1,0,1,1,0,0,0,0,"Black","No Information"
"1210",27,26,52000,0,1,0,0,1,0,1,1,0,0,1,1,"Black","No Information"
"1214",27,26,33000,1,0,0,0,0,0,1,1,0,0,0,0,"Black","No Information"
"1227",36,36,2e+05,1,0,0,1,1,0,1,1,0,1,0,0,"White","No Information"
"1231",32,30,46000,1,0,0,0,0,0,0,1,0,0,0,0,"Black","No"
"1234",37,36,58000,1,0,0,1,1,0,1,1,0,0,0,0,"White","No Information"
"1235",32,31,80000,1,0,0,0,0,0,1,1,0,0,0,1,"White","No Information"
"1241",21,23,42000,0,0,0,0,1,0,1,0,0,0,0,0,"Black","No Information"
"1252",34,35,160000,1,0,0,0,1,0,1,1,0,0,1,1,"White","No"
"1260",34,34,50000,1,0,0,0,0,0,0,1,0,0,0,0,"Black","No Information"
"1261",26,25,70000,1,0,0,0,0,0,1,1,0,0,0,0,"White","No Information"
"1263",34,35,80000,1,0,0,0,1,1,1,1,0,1,1,1,"White","No Information"
"1264",30,27,60000,1,0,0,0,1,0,1,1,0,0,1,0,"White","No Information"
"1267",51,42,67000,1,0,0,0,0,0,1,1,0,0,1,1,"White","No Information"
"1268",26,23,35000,0,0,0,0,0,0,1,0,1,1,1,1,"Black","No Information"
"1269",37,38,84000,1,0,0,0,0,0,1,1,0,0,0,0,"Black","No Information"
"1271",42,30,38000,1,0,0,0,1,0,1,1,1,0,1,1,"White","No Information"
"1278",42,37,170000,1,0,0,0,0,0,1,1,0,1,0,0,"White","No Information"
"1280",37,34,35000,1,0,1,1,1,0,1,1,0,0,0,0,"Black","No Information"
"1281",33,32,2300,0,0,0,0,0,0,0,1,1,1,1,1,"Black","No"
"1286",42,39,15000,0,1,0,1,1,1,1,1,0,0,0,0,"Black","No Information"
"1288",22,22,1e+05,0,0,0,0,0,0,1,1,1,0,0,0,"Black","No Information"
"1294",35,32,65000,0,1,0,0,0,0,1,1,0,0,0,0,"Black","No Information"
"1295",39,35,26000,0,1,0,0,0,0,1,1,0,1,1,0,"No Information","No Information"
"1296",28,25,58000,1,0,0,1,1,0,0,0,0,0,0,0,"White","No Information"
"1299",33,30,52000,0,0,0,0,0,0,1,1,0,0,1,0,"No Information","No Information"
"1301",50,41,55000,0,0,0,1,0,0,1,1,1,1,1,1,"White","No Information"
"1305",27,23,23000,0,0,0,0,1,0,1,1,0,0,0,0,"Black","No Information"
"1307",33,39,70000,0,0,0,0,0,0,0,0,0,0,0,0,"Black","No Information"
"1308",25,25,20000,0,0,0,0,1,1,1,1,0,0,0,0,"Black","No Information"
"1318",40,25,120000,1,0,0,0,0,0,1,1,0,1,1,0,"Black","No Information"
"1319",35,26,77000,1,0,0,0,0,0,0,1,0,0,0,0,"White","No Information"
"1320",36,36,10000,0,0,0,0,0,0,0,0,1,0,0,0,"Other","No Information"
"1321",50,38,55000,1,0,0,0,0,0,1,1,0,0,0,0,"Black","No Information"
"1323",38,36,72000,1,0,0,0,0,0,0,1,0,0,0,0,"White","No Information"
"1328",25,24,35000,0,1,0,0,0,0,0,0,0,0,0,0,"Black","No Information"
"1331",36,35,75000,1,0,0,0,0,0,0,0,0,0,0,0,"White","No Information"
"1338",32,29,60000,1,0,0,0,1,0,1,1,0,0,0,0,"White","No Information"
"1342",25,25,60000,0,0,0,1,0,0,0,1,0,0,0,0,"American Indian","No Information"
"1345",35,45,14000,0,1,0,0,0,0,1,1,0,0,0,0,"Other","No Information"
"1348",37,35,77000,1,0,0,1,1,0,1,1,0,0,0,0,"White","No Information"
"1349",27,24,43000,1,0,0,0,1,0,0,1,1,0,0,0,"White","No Information"
"1350",37,40,1e+05,1,0,0,0,1,0,0,0,0,0,0,0,"White","No Information"
"1351",35,33,60000,1,0,0,1,1,0,0,1,0,1,1,0,"Black","No Information"
"1362",28,24,25000,1,0,0,0,1,0,0,1,0,0,0,0,"White","No Information"
"1369",26,22,150000,0,0,0,0,0,0,1,1,1,1,1,1,"Black","No Information"
"1370",30,22,27000,0,1,0,0,0,0,1,1,0,0,0,0,"Black","No Information"
"1373",40,44,12800,0,0,1,0,0,0,0,1,0,1,0,0,"Black","No Information"
"1393",28,26,110000,1,0,0,0,0,0,0,0,0,0,0,0,"Other","No Information"
"1396",33,33,1e+05,1,0,0,0,1,0,1,1,0,0,1,0,"White","No Information"
"1400",22,21,55000,0,0,0,0,0,0,1,1,0,0,0,0,"Black","No Information"
"1407",27,22,52000,0,0,1,1,1,0,1,0,0,0,0,0,"Black","No Information"
"1409",31,27,50000,0,1,0,0,1,0,1,0,0,0,0,0,"Black","No Information"
"1417",26,22,40000,1,0,0,0,0,0,1,0,0,0,0,0,"Black","No Information"
"1422",37,36,90000,1,0,0,0,0,0,1,1,1,0,1,1,"White","No Information"
"1424",34,33,30000,1,0,0,0,0,0,1,1,0,0,0,0,"White","No Information"
"1427",39,39,0,0,0,1,1,1,0,0,1,1,0,1,1,"Black","No"
"1435",33,29,35000,0,1,1,0,0,0,1,1,0,0,0,0,"Other","No Information"
"1438",39,32,70000,1,0,0,0,0,0,1,0,0,1,1,0,"Black","No Information"
"1445",32,35,86000,1,0,0,0,0,0,1,1,0,0,0,1,"White","No Information"
"1456",41,30,10000,1,0,1,0,0,0,1,1,0,0,0,0,"Black","No Information"
"1462",31,23,37000,0,1,0,0,0,0,0,0,0,0,0,0,"Black","No Information"
"1469",31,32,69000,1,0,0,0,1,0,1,1,0,0,0,0,"White","No Information"
"1471",34,34,90000,1,0,0,1,0,0,1,1,0,1,1,0,"White","No Information"
"1474",32,29,80000,1,0,0,0,0,0,1,1,0,0,0,0,"White","No Information"
"1477",25,22,80000,0,0,0,0,0,0,1,1,0,0,0,0,"Black","No Information"
"1479",41,30,58000,0,0,0,1,1,0,0,1,0,0,0,0,"Black","No Information"
"1487",27,22,90000,0,1,0,1,1,0,1,1,0,0,0,0,"Black","No Information"
"1490",33,30,999999,1,0,0,1,1,0,1,1,0,0,1,0,"White","No Information"
"1491",29,33,0,0,0,0,0,0,0,1,0,0,0,0,0,"Black","No Information"
"1494",31,24,15000,0,0,0,0,0,0,0,0,0,0,0,0,"Black","No Information"
"1497",31,32,79000,1,0,0,0,0,0,1,1,1,0,0,0,"Other","No"
"1499",23,21,455000,0,0,0,0,0,0,1,1,0,0,0,1,"Black","No"
"1504",22,21,30000,0,1,0,0,0,0,1,1,0,0,0,0,"Black","No Information"
"1508",34,42,30000,1,0,0,0,0,1,0,1,0,0,0,0,"White","No Information"
"1510",37,31,20000,0,0,0,0,0,0,1,1,0,0,0,0,"White","No Information"
"1515",35,33,40000,1,0,0,0,0,0,1,1,0,0,1,0,"White","No Information"
"1517",38,37,92000,1,0,0,0,1,0,1,1,0,0,0,0,"White","No Information"
"1518",45,40,70000,1,0,1,0,1,0,0,1,0,0,1,0,"American Indian","No Information"
"1520",37,47,1e+05,1,0,0,0,0,0,0,0,1,0,0,0,"Asian","No Information"
"1527",32,31,45000,0,1,0,0,0,0,1,1,0,0,0,0,"Black","No Information"
"1530",29,32,4500,1,0,0,0,0,0,1,1,0,0,0,1,"White","No Information"
"1534",37,39,45000,0,0,1,1,1,1,1,1,1,0,0,0,"Black","No"
"1539",40,42,60000,1,0,0,0,0,0,1,1,0,1,1,0,"White","No Information"
"1540",46,41,120000,0,1,0,0,0,0,1,1,0,0,0,0,"Black","No Information"
"1542",39,44,5e+05,1,0,0,0,1,0,1,0,0,1,1,0,"White","No Information"
"1544",31,27,75000,1,0,0,0,0,0,0,1,0,0,0,0,"Black","No Information"
"1549",29,31,34000,1,0,0,0,0,0,0,1,1,0,0,0,"Black","No Information"
"1550",36,30,125000,1,0,0,1,1,0,1,1,0,0,0,0,"White","No Information"
"1557",23,21,42000,0,1,0,0,0,0,1,0,0,0,0,0,"White","No Information"
"1561",24,23,70000,0,1,0,0,1,0,1,1,1,0,1,0,"Black","No Information"
"1562",26,25,18000,1,0,1,0,0,1,0,1,0,0,0,0,"Black","No"
"1570",24,21,16000,1,0,0,0,0,0,1,1,0,0,0,0,"White","No Information"
"1579",38,38,1e+05,1,0,0,0,1,0,1,1,0,1,1,1,"White","No Information"
"1584",39,40,52000,1,0,0,1,1,0,1,1,0,0,1,0,"White","No Information"
"1587",34,24,5000,0,0,1,0,0,0,1,0,0,0,0,0,"Black","No Information"
"1589",31,26,35000,1,0,0,0,1,0,1,0,0,0,0,0,"Black","No Information"
"1595",36,28,18000,0,0,0,0,0,0,0,0,0,0,0,0,"White","No Information"
"1600",25,22,15000,0,1,0,0,0,0,1,0,0,0,1,0,"White","No Information"
"1601",42,30,14000,0,0,0,0,0,0,1,1,1,1,0,0,"White","No Information"
"1603",31,30,70000,0,1,1,0,0,0,1,1,0,0,0,0,"Black","No Information"
"1607",32,20,12000,0,1,0,0,0,0,0,0,0,0,0,0,"No Information","No Information"
"1608",25,23,22000,0,1,0,0,0,0,1,1,0,0,0,0,"Black","No Information"
"1609",26,25,38000,1,0,0,0,0,0,0,0,0,0,0,0,"Black","No Information"
"1612",42,34,90000,1,0,0,0,0,0,1,1,0,0,0,0,"Black","No"
"1619",35,33,11000,0,1,0,0,0,0,1,1,0,1,1,0,"Black","No Information"
"1627",39,41,60000,1,0,0,0,0,0,1,1,1,0,0,0,"White","No Information"
"1628",29,28,68000,1,0,1,1,1,0,1,1,0,0,1,0,"Black","No"
"1634",41,35,41000,0,0,0,1,1,0,1,1,1,0,1,0,"Black","No Information"
"1635",25,24,20000,0,1,0,0,0,0,1,1,0,0,0,0,"Black","No"
"1636",27,29,38000,0,0,0,0,0,0,0,1,0,0,0,0,"Black","No Information"
"1640",41,36,130000,1,0,0,0,0,0,1,1,0,0,0,0,"White","No Information"
"1645",24,27,14000,0,1,0,1,0,0,1,1,1,0,0,0,"Black","No"
"1647",23,23,20000,0,1,0,0,0,0,1,1,1,0,0,0,"Black","No"
"1649",34,39,250000,1,0,0,0,0,0,1,1,0,0,0,0,"White","No Information"
"1650",28,23,90000,0,0,0,1,1,0,1,1,1,1,0,0,"White","No Information"
"1651",43,41,140000,0,0,1,1,1,0,0,1,1,0,0,0,"Black","No Information"
"1652",38,39,60000,0,1,0,0,0,0,1,1,1,1,0,0,"Black","No"
"1656",41,38,2e+05,1,0,0,1,0,1,0,1,0,0,0,0,"No Information","No Information"
"1658",34,27,40000,0,1,0,0,0,0,0,1,0,0,1,0,"No Information","No Information"
"1663",22,21,4000,0,1,0,0,1,0,1,0,1,1,1,0,"Black","No Information"
"1664",36,25,90000,1,0,0,0,0,0,1,1,1,0,0,0,"Black","No Information"
"1672",31,28,35000,0,1,0,0,1,0,0,1,0,0,0,0,"Black","No Information"
"1673",33,23,40000,1,0,0,0,0,0,0,0,0,0,0,0,"Black","No Information"
"1674",35,33,55000,1,0,0,1,1,0,0,1,0,0,0,0,"No Information","No Information"
"1681",25,25,40000,0,0,0,0,0,0,0,1,0,0,1,0,"No Information","No Information"
"1693",34,27,55000,0,0,0,0,1,0,0,0,1,0,0,0,"Black","No Information"
"1695",31,29,110000,1,0,1,0,0,0,1,1,0,0,0,0,"White","No Information"
"1702",22,27,17000,0,0,0,0,0,0,1,1,0,0,0,0,"Black","No Information"
"1703",25,27,42000,0,0,0,0,0,0,1,0,0,0,0,0,"Other","Yes"
"1705",24,22,32000,1,0,0,0,0,0,1,1,0,0,0,0,"Black","No"
"1710",31,35,45000,1,0,0,0,0,0,1,0,1,0,1,0,"White","No Information"
"1711",23,22,25000,1,0,0,0,1,1,0,1,0,0,0,0,"White","No Information"
"1713",40,33,23000,0,1,0,0,0,0,1,0,0,0,0,0,"Black","No Information"
"1715",32,25,264,0,0,0,0,0,0,1,0,0,0,0,0,"Black","No Information"
"1718",36,31,38000,0,0,0,0,0,1,1,1,0,0,0,0,"Black","No Information"
"1721",44,39,110000,1,0,0,1,1,0,1,1,1,0,0,0,"No Information","No Information"
"1722",29,27,0,0,0,0,0,0,0,0,1,0,0,0,0,"No Information","No Information"
"1728",26,25,90000,0,1,0,0,0,0,0,1,0,0,0,0,"Other","No Information"
"1734",39,34,7000,0,1,0,1,0,0,0,1,0,0,0,0,"American Indian","No Information"
"1735",27,23,35000,1,0,0,0,0,0,0,1,0,0,0,0,"Other","No Information"
"1743",30,29,2500,0,0,0,0,0,0,0,0,0,0,0,0,"No Information","No Information"
"1748",37,33,90000,1,0,0,0,1,0,1,1,1,0,1,0,"White","No Information"
"1751",42,29,40000,1,0,0,0,0,0,1,0,1,0,0,0,"Black","No Information"
"1754",26,23,10000,0,0,0,0,0,0,1,1,0,0,0,0,"Black","No Information"
"1775",34,31,75000,1,0,0,0,1,0,1,1,0,0,0,0,"White","No Information"
"1783",42,38,130000,1,0,0,1,1,0,1,1,0,0,1,0,"White","No Information"
"1784",36,28,75000,0,1,0,0,0,0,1,1,0,0,0,0,"No Information","No Information"
"1785",40,39,109000,1,0,0,0,0,0,1,1,0,0,0,0,"Black","No Information"
"1789",40,34,80000,1,0,0,0,0,0,1,1,0,1,0,0,"White","No Information"
"1790",25,22,30000,0,1,0,0,0,0,1,0,0,1,0,1,"No Information","No Information"
"1792",25,26,10000,0,0,1,0,0,0,1,1,1,0,0,1,"Black","No Information"
"1793",25,24,64000,1,0,0,0,1,0,1,1,0,0,0,0,"Other","No Information"
"1796",35,34,75000,1,0,0,0,0,0,0,1,0,0,0,0,"Other","No Information"
"1798",33,32,10000,0,0,0,0,0,0,0,1,0,0,0,0,"Black","No Information"
"1800",28,27,6400,1,0,0,0,0,0,1,1,0,0,0,0,"Black","No Information"
"1803",28,25,60000,0,1,0,0,0,0,1,1,1,0,0,0,"Other","No Information"
"1807",48,34,18000,0,1,1,1,1,0,0,1,0,0,0,0,"No Information","No Information"
"1808",33,28,13000,0,1,0,0,0,0,0,1,0,0,1,0,"White","No Information"
"1809",34,29,25000,0,0,0,0,1,0,1,0,1,1,1,1,"Black","No Information"
"1811",27,23,45000,0,1,0,1,1,0,0,1,0,0,0,0,"Black","No Information"
"1812",32,30,40000,1,0,0,0,0,0,1,1,0,0,0,0,"Black","No Information"
"1813",44,37,90000,1,0,1,0,1,0,1,1,0,0,1,0,"No Information","No Information"
"1815",41,27,45000,0,0,1,0,0,0,1,1,0,0,0,0,"Black","No Information"
"1816",39,32,83000,1,0,0,0,1,0,1,1,0,0,0,0,"White","No Information"
"1817",45,32,40000,0,1,0,0,1,0,1,1,0,0,1,0,"Black","No Information"
"1824",36,32,2e+05,1,0,0,0,0,0,1,1,1,0,0,0,"No Information","No Information"
"1825",48,41,33000,1,0,0,0,1,0,1,1,0,0,1,1,"Other","No Information"
"1826",29,29,89000,1,0,0,0,0,0,1,0,0,0,0,0,"White","No"
"1832",33,33,0,0,1,0,0,0,0,1,1,0,0,0,0,"Black","No Information"
"1834",31,29,45000,0,1,0,0,0,0,0,1,0,0,0,0,"Black","No Information"
"1835",25,23,5000,0,0,0,0,0,0,0,1,0,1,1,0,"White","No Information"
"1839",34,32,1e+05,1,0,1,0,0,0,1,1,1,0,0,0,"No Information","No Information"
"1849",36,32,305000,1,0,0,0,0,0,1,1,0,0,0,0,"White","No Information"
"1851",30,31,45000,0,0,0,0,0,0,0,0,0,0,1,0,"Other","No Information"
"1852",20,25,5000,0,1,0,0,0,0,0,1,0,0,0,0,"Black","No"
"1856",47,36,48000,0,1,1,0,0,0,1,0,0,0,1,0,"Black","No Information"
"1857",33,28,50000,0,1,1,1,0,0,0,0,0,0,0,1,"Black","No Information"
"1859",28,27,45000,0,1,0,1,1,1,1,1,0,1,1,1,"Black","No Information"
"1864",41,35,60000,1,0,0,0,0,0,1,1,0,0,0,0,"Black","No"
"1871",34,32,27000,0,1,0,0,0,0,0,0,0,0,0,0,"White","No Information"
"1873",38,38,14000,0,0,0,0,1,0,1,0,0,0,0,0,"White","No Information"
"1874",35,35,56000,1,0,0,0,0,0,0,0,0,0,1,0,"White","No Information"
"1879",45,38,75000,0,0,0,0,0,0,1,0,0,0,0,0,"Black","No Information"
"1881",22,23,24000,1,0,0,1,1,0,0,1,0,1,1,0,"Black","No Information"
"1884",42,40,59000,0,0,0,1,1,0,1,1,0,0,0,0,"Black","No Information"
"1886",25,20,30000,0,0,0,1,1,0,0,1,0,0,0,0,"Black","No Information"
"1887",23,22,20000,1,0,0,0,0,0,1,0,1,0,0,0,"White","No Information"
"1892",22,22,53000,0,0,0,0,0,0,0,0,0,0,0,0,"White","No Information"
"1895",25,26,50000,0,1,0,0,0,0,1,1,0,0,0,0,"Black","No"
"1904",26,25,75000,0,1,0,0,0,0,1,0,0,0,0,0,"Black","No"
"1907",24,25,65000,0,0,0,0,0,0,0,0,0,0,0,0,"Other","No"
"1910",36,34,70000,1,0,0,0,1,0,1,1,0,0,1,0,"White","No Information"
"1912",34,27,42000,0,1,0,0,0,0,1,1,0,1,1,0,"Black","No Information"
"1914",38,26,27782,0,1,0,0,0,0,1,1,0,0,0,0,"Black","No Information"
"1916",27,24,21000,1,0,0,0,1,0,1,1,0,0,0,0,"White","No Information"
"1918",40,38,75000,1,0,1,1,0,1,1,1,0,0,0,1,"White","No Information"
"1931",29,23,6000,1,0,0,0,0,0,1,1,1,0,0,1,"Other","No Information"
"1933",26,22,4000,0,0,0,1,1,0,1,1,0,0,0,0,"Black","No Information"
"1936",30,30,12000,0,0,0,0,0,0,0,0,0,0,0,0,"Black","No Information"
"1939",44,35,45000,1,0,0,0,0,0,0,0,0,0,0,0,"Black","No Information"
"1941",39,32,126000,1,0,0,0,0,0,1,1,0,0,0,0,"White","No Information"
"1960",33,32,90000,1,0,0,0,0,0,1,1,0,0,0,0,"White","No Information"
"1964",41,43,99000,1,0,0,0,0,0,1,1,1,0,1,0,"White","No Information"
"1969",32,35,50000,1,0,0,0,0,1,1,1,1,0,0,1,"White","No Information"
"1972",25,23,20000,0,0,0,0,0,0,0,1,0,0,0,0,"No Information","No Information"
"1980",33,40,31000,1,0,0,0,0,0,0,0,0,0,1,0,"White","No Information"
"1986",22,22,120000,0,0,0,1,0,0,1,0,0,0,0,0,"White","No Information"
"2006",45,39,80000,1,0,0,1,0,0,0,1,1,0,0,0,"White","No Information"
"2008",34,35,17000,1,0,0,0,0,0,1,1,0,0,1,0,"White","No Information"
"2012",35,32,250000,1,0,0,0,0,0,1,1,0,0,1,0,"White","No Information"
"2013",29,29,45000,0,0,0,0,1,0,1,0,0,1,1,0,"Other","No Information"
"2015",33,33,35000,0,0,0,0,0,0,0,1,0,1,1,0,"Black","No Information"
"2028",27,29,55000,0,1,0,0,0,0,0,1,0,0,1,0,"Black","No Information"
"2029",33,29,90000,0,0,0,0,0,0,1,1,1,0,0,0,"Black","No Information"
"2030",33,32,150000,1,0,0,0,0,1,1,1,1,0,1,0,"White","No Information"
"2033",36,31,55000,1,0,0,0,1,0,1,1,0,0,0,0,"White","No Information"
"2046",25,21,27000,0,0,0,0,0,0,0,1,0,0,0,0,"Black","No Information"
"2061",31,29,400,0,0,0,0,1,0,0,1,0,0,0,0,"Black","No Information"
"2078",46,41,13000,0,0,0,0,0,0,0,1,0,0,0,0,"No Information","No Information"
"2080",62,37,1400,0,1,0,0,0,0,0,1,0,1,0,0,"No Information","No Information"
"2081",22,23,30000,1,0,0,0,1,0,1,0,0,0,0,0,"Black","No Information"
"2084",24,22,110000,0,0,0,0,0,0,1,1,0,0,0,0,"White","No Information"
"2089",26,31,1e+05,0,1,1,0,0,0,1,1,0,0,0,0,"Black","No"
"2090",26,22,60000,0,1,0,0,0,0,0,0,0,0,0,0,"Black","No Information"
"2096",20,22,25000,0,1,0,0,0,0,0,0,1,0,1,0,"Black","No Information"
"2098",41,39,80000,1,0,0,0,0,0,1,1,1,1,1,0,"White","No Information"
"2099",28,25,30000,1,0,0,0,0,0,1,1,0,0,0,0,"White","No Information"
"2101",38,37,77000,1,0,0,0,1,0,0,0,0,0,0,0,"White","No Information"
"2102",38,26,70000,1,0,0,0,0,0,0,1,0,0,0,0,"Black","No Information"
"2104",34,34,103000,1,0,0,0,1,0,1,1,0,0,1,0,"White","No Information"
"2108",30,25,40000,0,1,1,1,0,0,1,1,1,1,1,0,"Black","No"
"2109",24,26,4000,1,0,0,0,0,0,1,0,0,1,0,0,"Other","No Information"
"2110",31,30,15000,1,0,0,0,0,0,1,1,1,0,0,0,"White","No Information"
"2111",26,28,0,0,0,0,0,0,0,1,1,0,1,1,0,"Black","No Information"
"2112",34,21,30000,0,0,0,0,0,0,1,1,0,0,0,0,"White","No Information"
"2114",29,27,55000,0,0,0,0,0,0,0,1,0,0,0,0,"Black","No Information"
"2122",24,24,10000,0,0,0,0,0,0,1,0,1,0,0,0,"Black","No"
"2126",34,28,24000,1,0,0,0,0,0,1,1,0,0,0,0,"Black","No Information"
"2127",29,31,1e+05,1,0,0,1,1,0,0,0,0,0,0,0,"Black","No Information"
"2131",43,43,40000,0,0,0,0,1,0,1,0,0,1,1,0,"Black","No Information"
"2133",41,41,150000,0,1,1,0,1,0,1,1,1,0,1,0,"White","No Information"
"2134",28,25,16000,0,1,0,0,0,0,1,1,0,0,0,0,"Black","No Information"
"2137",45,41,125000,0,1,0,0,0,0,1,0,0,0,1,0,"White","No"
"2143",32,35,40000,0,0,0,1,1,0,1,1,0,0,0,0,"Black","No"
"2150",33,31,75000,1,0,1,0,1,0,1,0,0,0,0,0,"Black","No Information"
"2159",38,38,63000,1,0,0,0,1,0,1,0,0,0,0,0,"White","No Information"
"2169",36,35,35000,1,0,0,1,1,0,0,0,0,0,0,0,"White","No Information"
"2172",44,36,55000,1,0,0,0,1,0,1,1,0,0,0,0,"White","No Information"
"2181",27,24,16000,0,1,0,0,0,0,0,0,0,0,0,0,"White","No Information"
"2191",30,29,114000,1,0,0,0,1,0,1,1,0,0,0,0,"Black","No Information"
"2195",27,24,32000,1,0,0,0,0,0,1,0,0,0,0,0,"Black","No Information"
"2197",24,23,23000,0,0,0,0,0,0,1,1,0,0,0,0,"Other","No Information"
"2198",46,43,3e+05,1,0,0,1,1,0,1,1,0,0,0,0,"No Information","No Information"
"2199",32,34,49000,0,1,0,0,0,0,1,1,0,0,0,0,"No Information","No Information"
"2208",32,34,51500,1,0,0,0,0,0,0,1,0,0,0,0,"Other","No Information"
"2209",29,24,50000,0,0,0,0,0,0,0,0,0,0,0,0,"No Information","No Information"
"2216",25,21,32000,1,0,0,0,0,0,1,1,0,0,1,0,"Black","No Information"
"2217",24,21,25000,1,0,0,0,1,0,0,1,0,0,0,0,"American Indian","No Information"
"2218",24,31,5000,0,1,0,0,0,0,0,1,1,0,1,1,"Black","No Information"
"2222",30,29,14000,0,1,0,0,0,0,0,0,0,0,0,0,"White","No Information"
"2232",32,32,110000,1,0,0,0,1,0,1,1,0,0,0,0,"White","No Information"
"2233",30,30,32000,1,0,0,0,0,0,1,1,0,0,0,0,"White","No Information"
"2241",41,29,35000,1,0,0,0,0,0,1,1,0,0,0,0,"Black","No"
"2242",37,34,600,0,0,0,0,0,0,1,0,0,0,0,0,"Black","No Information"
"2243",43,38,30000,0,1,0,0,1,0,1,1,0,0,0,0,"Black","No Information"
"2245",26,26,39000,0,1,0,0,0,0,1,1,1,0,0,0,"Black","No Information"
"2251",33,22,28000,0,0,0,0,0,0,0,0,1,0,0,1,"Black","No Information"
"2252",23,26,65000,0,0,0,0,1,0,1,1,1,0,1,0,"Black","No Information"
"2257",22,21,30000,0,1,0,0,0,0,0,0,0,0,0,0,"Black","No Information"
"2259",30,31,85000,1,0,0,0,1,0,1,1,0,1,1,1,"White","No Information"
"2266",24,24,25000,0,1,0,0,0,0,0,0,0,0,0,0,"White","No Information"
"2268",25,25,42000,0,1,0,0,0,0,0,0,0,0,0,0,"Other","Yes"
"2272",33,25,85000,0,1,0,0,0,0,1,1,0,0,0,0,"Other","No Information"
"2276",21,23,30000,0,0,0,0,0,0,1,0,0,0,0,0,"White","No Information"
"2277",38,38,28000,1,0,0,0,0,0,1,1,0,0,0,0,"Black","No Information"
"2279",28,24,65000,0,0,0,0,0,0,0,0,0,0,0,0,"Black","No Information"
"2281",34,34,240000,1,0,0,0,1,1,1,1,1,0,1,1,"White","No Information"
"2289",32,23,14000,0,0,0,0,1,0,1,0,0,0,1,0,"Black","No Information"
"2290",27,22,60000,0,0,1,0,1,0,1,1,0,0,0,0,"Black","No Information"
"2295",25,28,40000,1,0,0,0,1,0,1,1,0,0,1,0,"Black","No Information"
"2296",26,22,30000,0,1,0,0,0,0,1,0,0,0,0,0,"Black","No Information"
"2300",27,30,50000,0,1,0,0,0,0,1,1,0,0,0,0,"Black","No"
"2301",41,36,50000,1,0,0,1,1,0,1,0,0,1,1,0,"Black","No Information"
"2304",34,32,40000,1,0,1,1,1,0,0,1,0,0,0,0,"White","No Information"
"2318",27,24,55000,1,0,0,0,0,0,0,0,0,0,0,0,"White","No Information"
"2320",26,22,31000,1,0,0,0,0,0,1,0,0,0,0,0,"Other","No Information"
"2323",24,20,65000,0,1,0,0,1,0,1,1,1,0,1,0,"Black","No Information"
"2325",42,41,190000,1,0,0,0,0,0,1,1,0,0,0,1,"White","No Information"
"2334",27,28,60000,0,0,0,0,0,0,0,1,0,0,0,0,"Other","No Information"
"2338",26,22,70000,0,1,0,1,1,0,1,0,0,0,1,1,"Black","No Information"
"2349",35,31,19000,0,1,0,1,1,0,0,1,0,0,1,0,"Black","No Information"
"2352",26,23,70000,0,0,0,0,0,0,1,0,0,0,0,0,"Black","No Information"
"2354",30,27,34000,0,1,0,0,0,0,1,1,0,1,1,1,"Black","No Information"
"2360",27,29,32000,0,1,0,0,0,0,0,0,0,0,0,0,"White","No"
"2363",22,23,14000,0,0,0,0,0,0,0,0,0,0,0,0,"White","No Information"
"2364",43,32,60000,0,0,0,0,0,0,0,0,0,0,0,0,"Black","No Information"
"2374",25,32,75000,0,0,0,0,0,0,0,0,0,0,0,0,"White","No Information"
"2376",25,26,40000,0,0,0,0,0,0,1,0,0,1,0,0,"White","No Information"
"2379",31,25,67000,1,0,0,0,1,0,0,0,0,0,0,0,"White","No Information"
"2380",25,26,30000,1,0,0,0,0,0,0,0,0,0,0,0,"White","No Information"
"2386",31,28,0,0,0,0,0,0,0,0,0,0,0,1,1,"No Information","No Information"
"2391",49,44,12000,0,0,0,0,0,0,1,1,0,0,0,0,"No Information","No Information"
"2393",37,35,63000,1,0,0,1,1,0,1,1,0,1,1,0,"White","No Information"
"2394",28,24,40000,0,1,0,1,0,1,1,1,1,0,1,0,"Black","No Information"
"2397",30,31,75000,1,0,0,0,0,0,0,1,0,0,0,0,"Black","No Information"
"2398",25,24,40000,0,0,0,1,1,0,1,1,0,1,0,0,"Black","No"
"2404",49,43,40000,0,1,0,0,0,0,0,1,0,0,0,0,"Black","No Information"
"2406",31,23,56000,1,0,0,0,1,0,0,0,0,0,0,0,"Other","No Information"
"2407",46,48,36000,1,0,0,0,0,1,1,1,0,0,0,0,"Black","No Information"
"2409",71,38,6000,0,1,0,0,0,0,0,1,0,0,0,0,"Black","No Information"
"2418",35,29,51000,1,0,0,0,1,0,1,1,0,0,0,0,"Black","No Information"
"2433",35,37,58000,1,0,0,0,1,0,1,0,1,0,1,0,"White","No Information"
"2437",38,35,80000,0,0,0,0,1,0,1,0,1,0,0,0,"Black","No Information"
"2439",31,29,76000,1,0,0,0,1,0,1,1,0,0,0,0,"White","No Information"
"2441",23,23,2300,0,0,0,0,0,0,0,1,0,0,0,0,"No Information","No Information"
"2442",34,26,20000,0,0,0,0,0,0,1,1,0,0,0,0,"Black","No Information"
"2446",45,44,240000,1,0,1,0,0,0,1,1,0,1,1,0,"Black","No Information"
"2450",47,31,15000,1,0,0,0,0,0,1,1,1,1,0,0,"Black","No Information"
"2451",40,35,55000,0,0,0,0,0,0,1,1,0,0,0,0,"No Information","No Information"
"2456",37,29,40000,1,0,0,0,0,0,0,1,0,0,1,1,"Black","No Information"
"2458",25,24,700,0,1,0,0,0,0,1,1,0,1,1,0,"Black","No Information"
"2460",48,41,9e+05,1,0,0,0,0,0,1,0,0,0,0,0,"White","No Information"
"2462",25,20,32000,0,1,0,0,0,0,0,0,0,0,0,0,"White","No Information"
"2468",30,23,60000,0,0,0,0,1,0,1,1,1,0,1,1,"No Information","No Information"
"2471",22,29,35000,1,0,0,0,0,0,0,0,0,0,0,0,"Black","No Information"
"2472",33,32,70000,1,0,0,0,1,0,1,1,0,0,0,0,"White","No Information"
"2476",33,34,55000,1,0,0,0,0,0,0,1,0,0,0,0,"Black","No Information"
"2479",29,28,89000,1,0,0,0,1,0,1,1,0,0,0,0,"No Information","No Information"
"2485",27,35,55000,1,0,0,0,0,0,0,0,0,0,1,0,"Black","No Information"
"2494",30,23,50000,0,0,0,0,0,0,1,0,0,0,1,0,"No Information","No Information"
"2495",31,30,73000,1,0,0,0,0,0,1,1,0,0,1,0,"White","No Information"
"2513",33,40,36000,1,0,0,0,0,0,0,1,0,0,0,0,"White","No Information"
"2516",52,43,60000,0,1,0,0,1,0,1,1,0,1,1,0,"Black","No Information"
"2524",34,33,80000,1,0,0,0,0,0,0,0,0,0,0,0,"White","No Information"
"2532",27,38,52000,1,0,0,1,1,0,1,0,1,0,0,0,"No Information","No Information"
"2533",34,30,53000,0,1,0,0,0,0,1,1,0,1,1,1,"No Information","No Information"
"2536",44,39,150000,0,1,0,0,0,0,1,1,0,0,0,1,"Black","No Information"
"2540",23,23,3000,0,0,0,0,0,0,0,1,0,0,0,0,"No Information","No Information"
"2542",31,31,140000,1,0,0,0,0,0,1,1,0,0,1,1,"White","No Information"
"2544",37,34,1e+05,1,0,0,1,1,0,1,1,0,1,1,0,"White","No Information"
"2545",30,38,37500,1,0,0,0,1,0,0,1,0,0,0,1,"Black","No Information"
"2546",28,28,12000,1,0,0,1,1,0,0,1,0,0,0,0,"Black","No Information"
"2553",32,29,45000,0,1,0,0,0,0,0,1,0,0,0,0,"Black","No Information"
"2555",24,20,76000,0,0,0,0,0,0,1,1,0,0,1,0,"Black","No Information"
"2557",31,25,60000,0,1,0,0,0,0,1,0,1,0,0,0,"Black","No Information"
"2558",31,23,37000,0,0,0,0,0,0,1,0,0,0,1,0,"Black","No Information"
"2560",30,23,40000,0,1,0,0,0,0,1,1,1,1,1,0,"Black","No Information"
"2565",45,42,84000,1,0,0,1,0,0,1,1,1,1,1,0,"White","No Information"
"2569",23,26,29000,0,0,0,0,1,1,1,1,0,0,1,1,"White","No Information"
"2571",31,33,37000,1,0,0,0,0,0,1,1,1,1,1,0,"Black","No Information"
"2582",29,27,80000,0,1,1,0,0,1,1,1,0,0,0,0,"Black","No Information"
"2589",29,24,15000,0,0,1,1,1,0,1,0,0,0,0,0,"Black","No Information"
"2593",24,27,25000,0,0,0,0,0,0,0,0,0,0,0,0,"Black","No Information"
"2597",35,24,40000,0,1,1,1,1,0,0,1,0,0,1,0,"Black","No Information"
"2599",36,33,7000,0,1,0,0,0,0,0,0,0,0,0,0,"Black","No Information"
"2600",34,33,103000,1,0,0,0,1,0,1,1,0,0,0,0,"White","No Information"
"2606",52,43,45000,1,0,0,1,0,0,1,1,0,0,0,0,"White","No Information"
"2609",33,34,87000,1,0,0,0,0,0,1,1,0,0,0,0,"White","No"
"2611",26,25,50000,1,0,0,0,0,0,1,1,0,0,1,0,"White","No Information"
"2614",25,25,35000,0,1,0,1,1,0,1,1,0,0,0,0,"American Indian","No Information"
"2627",32,26,30000,0,0,1,0,1,1,1,1,0,0,0,0,"Black","No Information"
"2629",39,30,110000,1,0,0,1,1,0,1,0,0,1,0,0,"White","No Information"
"2632",29,28,19000,1,0,0,1,1,0,0,1,0,0,1,0,"White","No Information"
"2634",24,23,5000,0,0,0,1,0,0,0,0,0,0,0,0,"Black","No Information"
"2636",21,20,28000,0,1,0,0,0,0,0,1,0,0,0,0,"Other","No Information"
"2639",43,43,165000,1,0,1,1,1,0,1,1,0,0,0,0,"White","No"
"2640",24,21,1e+05,0,1,0,0,0,0,1,0,0,0,0,0,"White","No Information"
"2641",31,31,1e+05,1,0,0,1,0,0,1,1,0,0,0,0,"White","No Information"
"2644",43,44,110000,1,0,0,0,1,0,1,1,0,1,1,0,"White","No Information"
"2648",29,27,28000,0,1,0,0,0,0,1,0,0,0,0,0,"White","No Information"
"2652",33,33,125000,1,0,0,0,0,0,1,0,0,0,0,0,"White","No Information"
"2654",26,25,39000,1,0,0,0,0,1,0,1,0,0,1,1,"Black","No Information"
"2657",25,21,25000,1,0,0,0,0,0,0,1,1,0,0,0,"Black","No Information"
"2662",24,26,20000,0,0,0,0,1,0,1,1,0,0,0,0,"White","No Information"
"2663",26,25,50000,0,0,0,0,0,0,0,0,0,0,0,0,"White","No Information"
"2664",27,26,15000,0,1,0,0,0,0,1,1,0,1,1,1,"Black","No Information"
"2666",22,32,50000,0,0,0,0,1,0,1,0,1,1,1,0,"Black","No Information"
"2667",31,29,75000,1,0,0,0,1,0,0,0,0,0,0,0,"No Information","No Information"
"2672",33,30,90000,1,0,0,0,0,0,1,1,0,0,0,0,"White","No Information"
"2673",21,21,38000,1,0,0,0,0,0,0,1,0,0,0,0,"White","No Information"
"2674",30,24,40000,0,1,0,0,0,0,0,1,0,0,0,0,"Black","No Information"
"2675",40,35,135000,1,0,0,0,1,0,1,1,0,0,0,0,"White","No Information"
"2682",26,25,20000,0,1,0,0,0,0,1,1,0,0,0,0,"Black","No Information"
"2689",40,30,62000,1,0,0,0,0,0,0,1,0,0,0,0,"White","No Information"
"2690",53,42,14000,0,1,0,0,0,0,0,0,0,0,0,0,"Black","No Information"
"2691",30,29,38000,0,1,1,0,0,0,1,1,0,0,0,0,"Other","No Information"
"2692",38,23,20000,0,1,0,0,0,0,1,0,0,0,1,0,"Black","No Information"
"2697",23,22,60000,0,0,0,0,0,0,1,0,0,0,1,0,"White","No Information"
"2698",36,37,78000,1,0,0,0,1,0,1,1,1,1,1,0,"Black","No Information"
"2700",38,35,150000,1,0,0,0,0,0,0,1,0,0,0,0,"Asian","No Information"
"2703",25,22,75000,0,0,0,0,0,0,0,0,0,1,0,0,"White","No Information"
"2704",26,27,16000,0,1,0,0,1,0,1,1,0,0,0,0,"Black","No Information"
"2708",28,21,30000,0,0,0,0,0,0,1,1,0,0,0,0,"Black","No"
"2711",27,22,24000,0,0,0,0,0,0,1,0,0,0,0,0,"Black","No Information"
"2713",26,22,45000,1,0,0,0,0,0,0,0,0,1,1,0,"White","No Information"
"2717",36,35,48000,0,0,0,0,1,0,1,0,1,0,1,0,"Black","No Information"
"2718",23,23,21000,0,0,1,0,1,0,0,0,0,0,0,0,"Black","No Information"
"2727",24,21,43000,0,1,0,1,0,0,0,0,1,0,0,0,"Black","No Information"
"2732",23,22,22000,1,0,0,0,1,0,1,0,0,0,0,0,"White","No Information"
"2733",40,43,54000,1,0,0,0,1,0,1,1,0,0,0,0,"White","No Information"
"2738",37,39,75000,0,1,0,0,1,0,1,1,0,0,1,0,"Black","No Information"
"2739",32,34,6000,1,0,0,0,0,0,0,0,0,0,0,0,"Other","No Information"
"2740",31,26,65000,0,0,0,1,1,0,1,0,1,1,1,0,"White","No Information"
"2741",44,39,53000,1,0,0,0,0,0,1,1,0,0,1,0,"White","No Information"
"2742",22,21,30000,0,1,0,0,0,0,0,0,0,0,0,0,"Black","No Information"
"2746",42,39,82500,1,0,0,0,0,0,1,1,0,1,1,1,"White","No Information"
"2750",28,26,1e+05,0,0,0,1,1,0,1,1,0,1,0,0,"Black","No Information"
"2753",31,25,17000,0,0,0,0,0,0,0,0,0,0,0,0,"White","No Information"
"2757",27,25,73000,1,0,0,0,0,1,1,1,0,0,0,0,"White","No Information"
"2760",25,23,1e+05,0,1,0,0,0,0,0,0,0,0,0,0,"White","No Information"
"2766",24,22,2000,0,1,0,0,0,0,1,0,0,1,0,0,"Black","No Information"
"2767",26,25,40000,0,1,0,0,1,0,1,1,0,0,1,0,"Black","No Information"
"2768",40,25,30000,0,1,0,0,1,0,1,1,0,0,0,0,"Black","No Information"
"2769",30,23,45000,0,0,0,0,0,0,1,1,0,0,0,0,"Black","No Information"
"2770",24,21,50000,0,0,1,1,1,0,0,1,0,0,0,0,"American Indian","No Information"
"2776",34,39,160000,1,0,0,0,0,0,1,0,0,0,0,0,"Black","No Information"
"2785",22,22,30000,0,1,0,0,0,0,0,0,0,0,0,0,"Black","No"
"2791",47,41,5000,0,0,0,0,0,0,1,0,0,0,0,0,"Black","No Information"
"2793",28,24,55000,1,0,0,0,1,0,0,0,0,1,1,0,"White","No"
"2795",28,26,8000,0,0,0,0,0,0,1,0,0,1,1,0,"Black","No Information"
"2798",37,37,50000,1,0,0,0,0,0,1,1,0,0,0,0,"White","No Information"
"2809",29,26,15000,0,0,0,0,1,0,0,0,0,0,0,0,"White","No Information"
"2810",21,21,28000,1,0,0,0,0,0,0,1,0,0,0,0,"White","No Information"
"2811",27,25,28000,1,0,0,0,0,0,1,1,0,0,0,0,"No Information","No Information"
"2813",38,32,72000,1,0,0,0,0,0,1,1,1,0,1,0,"White","No Information"
"2815",37,36,1e+05,1,0,1,0,0,0,1,1,1,0,0,0,"White","No Information"
"2818",24,22,37000,0,0,0,0,0,0,1,0,0,1,0,0,"Black","No Information"
"2825",39,37,83000,1,0,0,0,1,0,1,1,0,0,0,0,"White","No Information"
"2830",24,21,7000,0,1,0,0,0,0,1,0,1,0,0,0,"Black","No Information"
"2835",20,27,4000,0,0,0,0,0,0,0,0,0,0,0,0,"White","No Information"
"2836",24,24,4000,0,0,0,0,0,0,0,0,0,0,0,0,"Black","No Information"
"2838",39,33,92000,1,0,0,0,0,0,1,1,0,0,1,0,"White","No Information"
"2842",36,32,45000,1,0,0,1,1,0,0,0,0,0,0,0,"No Information","No Information"
"2845",34,33,75000,1,0,1,1,1,0,1,1,0,0,0,0,"White","No Information"
"2847",30,28,70000,0,1,0,0,0,0,1,0,0,0,1,0,"No Information","No Information"
"2851",32,23,30000,1,0,0,0,0,0,1,1,0,0,0,0,"Other","No Information"
"2865",32,21,45000,1,0,1,1,1,0,1,1,0,0,0,0,"Black","No"
"2868",30,29,59000,1,0,1,0,0,1,1,1,0,0,0,0,"White","No Information"
"2869",38,37,10000,0,0,0,0,0,0,1,0,0,0,0,0,"No Information","No Information"
"2881",41,37,115000,1,0,1,0,0,0,1,1,1,1,0,1,"White","No"
"2887",27,27,44000,0,1,0,0,0,0,0,0,0,0,0,0,"White","No Information"
"2891",32,22,23000,0,0,0,0,0,0,0,1,1,1,0,0,"White","No Information"
"2892",31,29,42000,0,1,1,0,1,0,1,1,0,0,0,0,"Black","No Information"
"2897",33,32,80000,1,0,0,0,0,0,0,0,0,0,0,0,"Black","No Information"
"2898",32,31,40000,0,0,0,0,1,0,1,1,0,0,0,0,"Black","No Information"
"2903",25,25,25000,0,1,0,0,1,0,1,1,0,0,0,0,"Black","No Information"
"2905",24,25,25000,1,0,0,0,0,0,1,1,0,0,0,1,"Black","No Information"
"2908",37,44,123000,1,0,0,0,0,0,1,1,0,0,0,0,"White","No"
"2914",23,19,45000,1,0,0,0,0,0,0,1,0,0,0,0,"No Information","No Information"
"2920",21,18,26000,0,0,0,0,0,0,1,1,0,1,1,0,"No Information","No Information"
"2921",26,21,85000,0,0,0,0,0,0,0,1,0,0,0,0,"Black","No Information"
"2932",43,42,130000,1,0,0,1,0,0,1,1,0,0,0,1,"Asian","No Information"
"2933",32,26,27000,1,0,0,0,0,0,1,1,0,0,0,0,"Asian","No Information"
"2940",37,39,97000,1,0,0,1,1,0,1,1,0,1,0,0,"White","No Information"
"2941",25,24,30000,0,1,0,0,1,0,1,0,0,0,0,0,"Black","Yes"
"2943",35,31,32000,0,0,0,0,0,0,0,1,0,0,0,0,"White","No Information"
"2944",31,24,9600,0,0,0,0,0,0,1,1,1,1,0,1,"Black","No Information"
"2946",36,36,39000,0,0,1,1,1,0,1,1,0,0,0,0,"White","No Information"
"2953",44,44,40000,0,1,1,1,0,1,1,1,1,0,0,0,"Black","No"
"2955",28,31,35000,1,0,0,0,0,0,1,1,0,0,0,0,"Black","No"
"2956",30,35,225000,0,0,1,0,0,1,1,1,0,0,0,0,"Black","No Information"
"2969",29,23,50000,0,0,0,0,0,0,1,1,0,0,0,0,"American Indian","No Information"
"2971",27,27,21000,0,0,0,0,0,0,1,1,0,0,1,0,"Black","No"
"2973",47,27,60000,0,1,0,0,0,1,1,1,0,0,0,0,"Black","No Information"
"2979",32,39,55000,1,0,0,1,0,0,1,0,0,0,0,0,"Black","No Information"
"2981",26,23,67000,0,1,0,0,0,0,0,1,1,0,0,0,"Other","Yes"
"2985",27,23,25000,0,0,0,0,0,0,0,0,0,1,1,0,"White","No Information"
"2986",31,30,85000,1,0,0,1,0,0,1,1,0,0,0,0,"White","No Information"
"2990",34,22,50000,0,1,1,0,1,0,0,1,0,1,1,0,"White","No Information"
"2995",29,23,180,0,0,0,0,0,0,1,1,0,0,0,0,"No Information","No Information"
"2998",26,25,35000,0,1,0,0,1,0,1,1,1,0,1,0,"Black","No Information"
"2999",31,33,19200,1,0,0,0,0,0,1,1,0,0,0,0,"Black","No Information"
"3003",27,29,20000,0,1,0,0,0,0,0,0,0,0,1,0,"Black","No Information"
"3005",25,25,50000,1,0,0,0,0,0,1,1,0,0,0,0,"White","No Information"
"3006",29,28,70000,1,0,0,0,1,0,1,1,0,0,1,0,"White","No Information"
"3009",41,29,65000,0,0,1,0,0,0,1,1,0,1,1,0,"Black","No Information"
"3016",34,25,4500,0,1,0,0,0,0,1,1,0,0,0,0,"Black","No Information"
"3018",28,27,73000,1,0,0,0,0,0,1,1,0,0,0,0,"White","No Information"
"3027",38,34,1e+05,1,0,0,1,1,0,1,1,0,0,0,0,"Black","No Information"
"3037",33,31,40000,1,0,0,0,0,0,1,1,0,0,1,0,"No Information","No Information"
"3039",37,29,48000,1,0,0,0,1,0,1,1,1,0,1,0,"No Information","No Information"
"3041",38,28,1e+05,1,0,0,1,0,0,1,1,0,0,0,0,"White","No Information"
"3042",24,21,45000,0,0,0,0,0,0,1,1,0,0,0,0,"Asian","No Information"
"3049",43,39,150000,1,0,0,1,1,0,1,1,0,0,1,0,"White","No Information"
"3050",31,31,48000,1,0,0,0,0,1,1,1,0,0,0,1,"White","No Information"
"3055",38,41,17000,0,1,0,0,0,0,0,1,0,0,0,0,"American Indian","No Information"
"3058",21,21,30000,1,0,0,0,0,0,0,0,0,0,0,0,"No Information","No Information"
"3062",28,30,17000,1,0,1,0,0,0,1,0,0,0,0,0,"Black","No Information"
"3065",31,22,36250,1,0,0,0,0,0,0,1,0,0,1,0,"White","No Information"
"3067",25,22,15000,0,0,0,1,0,0,0,0,0,0,0,0,"White","No Information"
"3070",31,29,85000,1,0,0,0,0,0,1,1,0,1,0,0,"White","No Information"
"3071",25,21,65000,0,0,0,1,0,0,1,1,1,1,1,0,"White","No Information"
"3078",22,29,8000,0,1,0,0,0,0,0,0,0,0,0,0,"Black","No Information"
"3079",26,23,25000,0,1,0,0,0,0,1,0,0,0,1,0,"Black","No Information"
"3088",36,35,2e+05,1,0,0,0,0,0,1,1,1,1,0,0,"White","No Information"
"3089",32,33,80000,0,1,0,1,1,0,1,1,0,1,1,0,"Black","No"
"3100",37,37,70000,1,0,0,0,0,0,1,1,0,0,0,0,"White","No Information"
"3107",20,19,15000,0,0,0,0,1,0,0,0,0,0,1,0,"White","No Information"
"3108",40,39,130000,1,0,0,0,0,1,1,1,1,1,0,0,"White","No Information"
"3111",29,24,8000,0,1,1,0,1,0,1,1,0,0,0,0,"Black","No Information"
"3112",27,22,60000,0,1,1,1,1,0,1,0,0,0,0,0,"Black","No Information"
"3115",27,35,95000,1,0,0,1,1,0,0,0,0,0,0,0,"White","No Information"
"3120",44,32,75000,1,0,0,0,0,0,1,1,0,0,0,0,"White","No Information"
"3121",35,27,27000,1,0,0,1,0,0,0,0,0,1,1,0,"White","No Information"
"3122",38,36,49000,1,0,0,0,0,0,1,1,1,1,0,0,"No Information","No Information"
"3125",32,31,70000,0,0,0,0,0,1,1,1,0,0,0,0,"Black","No Information"
"3133",33,34,60000,1,0,1,1,1,0,0,1,1,0,0,0,"White","No Information"
"3135",36,37,20000,0,1,0,1,1,0,0,1,0,0,0,0,"Black","No Information"
"3138",53,45,12000,0,0,0,0,0,0,1,1,0,0,0,1,"Black","No Information"
"3143",27,24,19000,1,0,0,0,0,0,0,0,0,0,0,0,"Black","No Information"
"3145",31,28,80000,0,0,0,0,1,0,1,0,0,0,0,0,"Black","No Information"
"3146",38,39,81000,1,0,1,0,1,0,1,1,1,1,1,0,"White","No Information"
"3151",35,35,82000,1,0,0,0,0,0,1,1,0,0,0,0,"White","No Information"
"3152",41,34,32000,1,0,0,0,0,0,1,1,0,0,0,0,"White","Yes"
"3159",26,25,80000,1,0,0,0,0,0,1,1,0,0,0,0,"Asian","No"
"3160",27,26,52000,1,0,0,0,0,0,1,1,0,0,0,0,"American Indian","No Information"
"3184",36,34,105000,1,0,1,1,1,0,1,1,1,0,1,0,"Black","No Information"
"3187",27,26,88000,1,0,0,0,0,1,1,1,0,0,1,0,"Other","Yes"
"3188",26,24,130000,0,0,0,0,0,0,1,1,0,0,0,0,"Other","No Information"
"3190",32,31,65000,1,0,0,0,0,0,1,1,1,0,0,0,"White","No Information"
"3195",33,27,48000,0,0,1,0,1,1,1,0,0,1,1,0,"Black","No"
"3196",28,24,35000,1,0,0,0,0,0,1,0,1,0,0,0,"Other","Yes"
"3199",29,31,43000,0,1,0,0,0,0,1,1,1,0,1,0,"Black","No"
"3202",34,28,55000,1,0,0,1,0,0,0,1,1,0,0,0,"White","No Information"
"3206",34,34,90000,1,0,0,0,0,0,1,0,0,0,0,0,"White","No Information"
"3207",24,24,20000,1,0,0,1,1,0,1,1,0,0,1,0,"White","No Information"
"3208",32,29,29500,0,1,0,0,0,0,0,1,0,0,0,0,"American Indian","No Information"
"3210",40,40,50000,1,0,0,0,1,1,1,1,1,0,0,1,"Black","No Information"
"3211",38,25,58000,0,1,0,0,0,0,1,1,0,0,0,0,"Black","No Information"
"3212",20,20,3000,0,0,0,0,0,0,0,1,1,0,1,0,"Black","No"
"3218",37,41,25000,0,1,0,0,0,0,1,0,0,1,1,0,"White","Yes"
"3219",23,23,40000,0,0,0,0,1,0,0,0,0,0,0,0,"White","No Information"
"3220",31,30,58000,1,0,0,0,0,1,1,1,0,0,0,1,"Black","No Information"
"3226",42,28,45000,1,0,0,0,0,0,0,0,0,1,1,0,"Black","No Information"
"3228",34,39,50000,1,0,0,0,0,0,1,1,0,0,0,0,"White","No Information"
"3235",33,35,175000,1,0,0,1,0,0,1,1,0,0,0,1,"Asian","No Information"
"3236",36,30,85000,1,0,0,0,0,0,1,0,0,0,1,1,"Black","No Information"
"3246",43,35,85000,1,0,0,0,1,0,1,1,0,0,0,0,"White","No Information"
"3251",33,39,40000,1,0,0,0,1,0,0,0,0,0,0,0,"White","No Information"
"3256",28,26,36000,0,1,0,0,0,0,0,0,0,0,0,0,"Black","No Information"
"3259",28,27,20000,0,1,0,0,0,0,1,1,1,1,0,1,"Black","No Information"
"3260",30,25,50000,0,0,0,0,0,0,1,1,0,0,0,0,"White","No Information"
"3263",26,24,17000,0,0,0,0,0,0,1,1,1,0,1,1,"Black","No Information"
"3264",27,24,7000,0,0,1,1,1,0,1,1,0,0,1,0,"No Information","No Information"
"3271",34,34,50000,1,0,0,0,1,0,0,1,1,1,1,0,"White","No Information"
"3272",26,23,50000,0,1,0,0,0,0,1,0,0,0,0,0,"Black","No Information"
"3274",28,28,34000,1,0,0,0,0,0,0,0,0,0,0,0,"White","No Information"
"3285",24,23,7000,0,0,0,0,0,0,1,0,1,1,1,0,"Black","No"
"3290",38,35,68000,1,0,0,0,0,1,1,1,0,1,0,0,"White","No Information"
"3291",37,22,15000,0,1,0,0,0,0,0,1,0,0,0,0,"Black","No"
"3294",29,23,85000,0,0,0,0,0,0,1,0,0,0,0,0,"Black","No Information"
"3307",38,25,45000,1,0,0,0,0,0,1,0,0,0,0,0,"White","No Information"
"3322",25,25,40000,1,0,0,0,0,0,1,1,0,0,0,0,"White","No Information"
"3323",49,27,40000,0,0,0,0,0,0,1,1,0,0,0,1,"American Indian","No Information"
"3324",30,28,27000,1,0,0,0,0,0,1,1,0,0,0,0,"Black","No Information"
"3325",30,29,62500,1,0,0,0,0,0,1,1,0,0,0,0,"Black","No"
"3331",29,27,60000,1,0,1,0,0,0,1,1,0,0,0,0,"Black","No Information"
"3339",27,31,45000,0,1,0,0,0,0,1,1,0,0,0,0,"Other","No Information"
"3348",34,30,72000,1,0,0,0,0,0,1,1,0,0,0,0,"Asian","No Information"
"3351",31,28,65000,1,0,0,0,0,0,1,1,0,0,0,0,"White","No Information"
"3358",33,30,58000,1,0,0,0,0,0,1,1,0,0,0,0,"White","No Information"
"3361",26,28,34000,0,0,0,0,0,0,1,1,0,0,0,0,"Black","No Information"
"3362",36,28,27000,0,1,0,0,1,0,0,0,0,0,0,0,"Black","No Information"
"3374",40,35,30000,1,0,0,1,1,0,1,1,0,1,1,0,"Black","No Information"
"3375",35,32,13000,1,0,0,0,0,0,0,1,0,0,0,0,"No Information","No Information"
"3382",33,33,45000,1,0,1,1,1,1,0,1,0,0,0,0,"White","No"
"3386",24,24,50000,0,0,0,0,0,0,1,0,0,0,0,0,"No Information","No Information"
"3387",33,35,64000,1,0,0,0,0,0,0,0,0,0,0,0,"White","No Information"
"3390",25,22,66000,0,0,0,0,0,0,1,0,0,0,0,0,"Black","No Information"
"3391",27,28,55000,0,0,0,0,1,0,0,1,0,0,0,0,"Black","No Information"
"3396",37,37,60000,1,0,0,0,1,0,1,1,0,0,0,0,"White","No Information"
"3400",33,35,60000,1,0,0,1,1,0,1,1,0,0,0,0,"Other","No Information"
"3409",37,36,90000,1,0,0,0,0,0,1,1,1,0,0,0,"White","No Information"
"3411",30,29,85000,0,1,0,0,0,0,1,1,0,0,0,0,"Black","No Information"
"3413",41,33,17000,0,1,0,1,1,0,1,1,0,1,1,0,"Black","No Information"
"3418",40,34,150000,1,0,0,0,0,0,1,1,0,0,1,0,"White","No Information"
"3427",24,26,4000,0,1,0,0,0,0,1,0,1,0,1,0,"Black","No Information"
"3429",28,24,22000,0,0,0,0,0,0,1,0,0,0,0,0,"No Information","No Information"
"3432",24,21,36000,0,1,0,0,0,0,1,0,1,0,0,0,"Black","No Information"
"3438",25,24,60000,0,0,0,0,0,0,1,0,0,0,0,0,"White","No Information"
"3443",40,41,3e+05,1,0,0,0,0,0,1,1,0,0,0,0,"Other","No Information"
"3453",31,27,23000,1,0,0,1,0,0,1,1,1,0,0,0,"No Information","No Information"
"3458",25,25,34000,0,0,0,0,0,0,1,1,0,0,0,0,"Black","No Information"
"3459",27,25,37000,0,1,0,0,0,0,1,1,1,0,0,1,"Black","No Information"
"3467",39,34,31000,1,0,0,0,0,0,1,0,1,1,0,1,"Other","No Information"
"3468",28,28,50000,0,0,0,0,0,0,0,1,0,0,0,0,"Black","No Information"
"3471",39,33,75000,1,0,0,0,0,1,1,1,0,1,0,0,"No Information","No Information"
"3476",32,28,20000,0,0,0,0,0,0,0,1,0,0,0,0,"Black","No Information"
"3477",24,21,40000,1,0,0,1,1,0,1,1,0,0,0,0,"Other","No Information"
"3480",46,30,53000,0,1,0,0,1,1,1,1,0,1,0,0,"No Information","No Information"
"3483",36,32,35000,1,0,0,0,0,1,0,0,0,0,0,0,"White","No Information"
"3490",35,33,75000,0,0,0,0,0,1,1,1,0,1,1,1,"Black","No Information"
"3494",35,27,30000,0,0,0,0,0,0,1,1,0,0,0,0,"Black","No"
"3496",31,30,1e+05,1,0,0,0,1,0,1,1,0,0,1,0,"Black","No Information"
"3499",29,28,70000,1,0,0,0,1,0,1,1,0,0,0,0,"No Information","No Information"
"3505",29,26,125000,0,0,0,0,0,0,0,1,0,0,0,0,"White","No Information"
"3506",25,25,91800,1,0,0,1,0,1,1,1,0,0,0,0,"Black","No Information"
"3507",35,33,45000,1,0,0,0,0,0,1,0,0,0,0,0,"White","No Information"
"3516",33,33,48000,1,0,0,0,0,0,0,1,0,0,0,0,"White","No Information"
"3517",47,35,115000,1,0,0,0,1,0,1,1,0,1,0,0,"White","No Information"
"3522",29,27,27000,0,0,0,0,0,0,1,0,0,0,1,0,"White","No"
"3527",37,29,26000,0,0,0,0,1,0,1,0,0,1,0,0,"Black","No Information"
"3530",33,29,40000,0,1,1,0,0,0,1,0,1,0,0,0,"Black","No Information"
"3531",41,33,90000,1,0,0,0,0,0,1,1,0,0,0,0,"White","No Information"
"3532",26,26,80000,0,1,0,0,1,0,1,0,1,0,1,0,"Black","No"
"3537",27,29,21600,0,0,1,1,0,0,0,1,0,0,0,0,"Black","No"
"3541",39,37,70000,1,0,0,1,1,0,1,1,1,0,1,0,"White","No Information"
"3542",34,28,40000,1,0,0,1,1,1,1,1,0,0,0,1,"White","No Information"
"3548",30,30,29000,0,0,0,0,0,0,1,1,1,0,1,0,"Other","No Information"
"3549",26,25,29000,0,1,0,0,0,0,0,0,0,0,0,0,"White","No Information"
"3557",28,32,21000,1,0,0,0,0,0,0,0,0,0,0,0,"White","No Information"
"3563",34,33,89000,1,0,0,1,0,0,1,1,1,0,1,0,"White","No Information"
"3568",33,32,60000,1,0,0,0,1,0,1,1,0,1,1,1,"Black","No Information"
"3569",21,25,0,0,0,0,1,0,0,0,1,0,0,0,0,"Black","No Information"
"3572",24,24,29500,0,1,0,0,0,0,0,1,1,0,0,0,"White","No Information"
"3573",26,26,35000,0,1,0,0,0,0,1,0,0,0,1,0,"Other","No Information"
"3574",34,31,60000,0,0,0,0,0,0,1,0,0,0,0,0,"Black","No Information"
"3576",38,39,65000,1,0,0,0,1,0,1,1,0,1,1,0,"Black","No Information"
"3578",27,26,25000,0,1,0,0,0,0,1,0,0,0,0,0,"Black","No"
"3580",21,21,40000,0,0,0,0,0,0,0,1,0,0,0,0,"White","No Information"
"3581",38,41,105000,1,0,0,1,1,0,1,1,0,0,1,0,"White","No Information"
"3584",29,28,28000,0,1,0,0,0,0,0,1,0,0,0,0,"Black","No"
"3590",38,36,80000,1,0,0,0,0,0,1,1,0,1,1,0,"Black","No Information"
"3595",35,39,140000,1,0,0,0,0,0,0,0,0,1,1,0,"White","No Information"
"3597",33,32,55000,0,0,1,1,1,0,1,1,0,0,1,0,"Black","No Information"
"3598",31,24,45000,1,0,1,1,0,0,1,1,0,0,0,0,"Black","No Information"
"3606",24,21,28000,0,1,0,0,0,0,0,1,1,0,0,0,"Black","No Information"
"3612",32,31,95000,1,0,0,0,1,0,1,1,0,0,0,0,"White","No Information"
"3620",23,22,85000,1,0,0,0,0,0,0,0,0,0,0,0,"White","No Information"
"3625",25,27,70000,0,0,0,0,0,0,0,1,0,0,0,0,"White","No Information"
"3631",23,23,5000,0,0,0,0,0,0,0,0,0,0,0,0,"Black","No"
"3634",38,35,85000,1,0,0,0,1,0,1,1,1,1,0,0,"White","No Information"
"3635",27,23,1200,0,0,0,0,0,0,0,0,0,0,0,0,"No Information","No Information"
"3646",25,28,26000,0,0,0,0,0,0,1,1,0,0,0,0,"Black","No Information"
"3648",62,32,0,1,0,0,0,0,0,1,1,0,0,0,0,"Black","No Information"
"3649",33,34,38000,1,0,0,0,0,0,1,1,0,0,0,0,"Other","No Information"
"3651",23,24,14000,1,0,0,0,0,0,1,1,0,0,0,0,"White","No Information"
"3652",32,32,2e+05,1,0,1,0,0,1,1,1,0,0,0,0,"White","No Information"
"3658",36,33,96000,1,0,0,0,0,0,0,1,0,1,0,0,"Asian","No Information"
"3661",31,30,70000,0,1,0,0,0,0,0,1,0,0,0,0,"Black","No Information"
"3663",36,35,75000,1,0,0,0,1,0,1,1,0,0,0,0,"White","No Information"
"3664",42,44,18000,0,1,0,0,0,0,1,1,1,0,1,0,"Black","No"
"3671",20,26,30000,0,1,0,0,0,0,0,0,0,0,1,0,"White","Yes"
"3679",33,28,36000,0,0,0,0,1,1,1,1,1,0,1,0,"Black","No Information"
"3686",26,24,16400,0,0,0,0,0,0,0,0,1,0,0,1,"No Information","No Information"
"3690",36,25,55000,1,0,0,0,0,0,0,0,0,0,0,0,"White","No Information"
"3692",28,24,50000,0,1,0,1,0,0,0,1,0,0,0,0,"Black","No Information"
"3694",35,32,18000,0,0,1,0,0,0,1,1,0,0,0,0,"American Indian","No Information"
"3697",27,30,14000,0,0,0,0,0,0,1,1,0,0,0,0,"Black","No Information"
"3699",22,21,15000,0,1,0,0,0,0,0,1,0,0,0,0,"Black","No Information"
"3700",27,28,47000,0,1,1,0,1,0,0,1,0,0,0,0,"Black","No Information"
"3701",32,31,52000,1,0,0,0,0,0,1,1,0,0,0,0,"Black","No Information"
"3702",40,33,90000,1,0,0,0,0,0,1,1,0,0,1,0,"White","No Information"
"3707",33,31,110000,1,0,0,0,0,0,1,1,0,0,0,0,"Black","No Information"
"3711",31,29,24000,0,0,1,0,0,0,0,1,0,0,1,0,"Black","No Information"
"3714",37,35,160000,1,0,0,0,1,0,1,1,0,1,1,0,"White","No Information"
"3717",31,31,115000,0,0,1,1,1,0,0,0,0,0,0,0,"White","No Information"
"3722",27,23,50000,0,0,0,0,0,0,1,1,0,0,0,0,"Black","No Information"
"3727",29,27,25000,0,0,0,0,0,0,1,0,0,0,0,0,"Black","No Information"
"3730",42,42,150000,1,0,0,0,1,1,1,1,0,0,1,1,"White","No Information"
"3738",33,30,95000,1,0,0,0,0,0,1,1,0,1,0,1,"White","No Information"
"3740",25,21,32000,0,1,0,0,0,0,1,0,0,0,0,0,"Black","No Information"
"3747",37,32,3e+05,1,0,0,0,0,0,1,1,0,0,1,1,"White","No Information"
"3749",34,34,90000,1,0,1,0,1,1,1,1,1,0,0,0,"Black","No Information"
"3750",23,25,50000,0,1,0,1,1,0,0,1,0,0,0,0,"Black","No"
"3751",37,38,51000,1,0,0,0,0,0,1,0,0,1,0,0,"White","No Information"
"3757",31,28,32000,0,1,0,1,1,0,1,1,0,0,1,0,"Black","No Information"
"3759",42,24,17000,0,0,0,0,1,0,1,1,0,0,0,0,"Black","No Information"
"3767",49,39,160000,1,0,0,0,0,1,1,1,0,0,0,0,"No Information","No Information"
"3771",30,27,18700,0,0,0,0,0,0,1,1,0,0,0,0,"Black","No Information"
"3772",37,40,10000,0,0,0,0,0,1,1,0,0,0,0,0,"Black","No Information"
"3783",31,24,24000,1,0,0,0,0,0,1,1,0,0,0,0,"Black","No Information"
"3787",46,44,150000,1,0,0,0,0,0,1,1,0,0,0,0,"White","No Information"
"3788",29,28,65000,1,0,0,0,1,0,1,1,0,0,1,0,"White","No Information"
"3802",43,37,78000,1,0,0,0,1,0,1,1,1,0,1,0,"White","No Information"
"3810",56,34,38000,0,1,0,0,0,0,1,0,0,0,0,0,"Black","No Information"
"3816",35,33,58000,0,1,1,1,1,0,0,1,1,0,0,0,"Black","No Information"
"3820",40,37,43000,1,0,0,0,1,0,1,1,0,0,0,0,"White","No Information"
"3825",29,31,20000,1,0,0,1,0,0,0,1,0,0,0,0,"White","No Information"
"3834",27,26,30000,1,0,0,0,1,0,1,1,0,0,0,0,"Black","No Information"
"3835",29,28,40000,1,0,0,0,0,0,0,0,0,0,0,0,"Black","No Information"
"3838",39,36,70000,0,0,0,0,1,0,1,1,0,0,0,0,"No Information","No Information"
"3840",26,27,1300,0,1,0,0,0,0,1,1,0,0,0,0,"Black","No Information"
"3848",27,32,15000,0,0,0,0,0,0,1,1,1,0,0,0,"Black","No"
"3851",32,24,73000,1,0,1,1,0,0,1,1,0,0,0,0,"Other","No Information"
"3855",38,31,82000,0,1,0,0,0,0,0,1,0,0,0,0,"White","No Information"
"3857",27,26,30000,0,1,0,0,0,0,1,1,0,0,0,0,"Black","No"
"3861",31,31,40000,0,0,0,0,0,1,1,1,0,0,0,0,"No Information","No Information"
"3863",35,33,85000,1,0,0,0,0,0,1,1,1,1,0,0,"White","No Information"
"3864",32,31,85000,1,0,0,0,1,0,1,1,0,0,0,0,"Asian","No Information"
"3865",32,26,2000,0,0,0,0,0,0,1,0,0,0,0,0,"Black","No"
"3868",42,36,110000,1,0,0,0,1,0,1,1,0,0,0,0,"Black","No Information"
"3870",32,30,67000,1,0,0,0,0,0,0,0,0,0,0,1,"Other","Yes"
"3872",35,28,45000,0,0,0,0,1,0,0,1,0,0,0,1,"Black","No Information"
"3873",27,23,35000,0,0,0,0,0,0,0,0,1,1,1,0,"Black","No Information"
"3876",41,35,110000,1,0,0,0,0,0,1,1,0,0,0,0,"White","No Information"
"3881",32,30,40000,0,1,0,0,0,0,1,0,0,0,0,0,"Black","No Information"
"3885",33,25,42000,1,0,0,0,0,0,1,1,0,0,0,0,"American Indian","Yes"
"3887",21,28,12000,0,0,0,0,1,0,1,1,1,1,1,0,"Black","No"
"3902",25,23,30000,0,1,0,0,0,0,1,1,0,0,0,0,"White","No Information"
"3907",43,39,60000,1,0,0,1,1,0,1,1,1,1,1,1,"White","No Information"
"3908",34,29,50000,1,0,0,0,0,0,1,1,0,0,0,1,"Black","No Information"
"3910",35,34,70000,1,0,1,1,1,0,1,1,0,1,1,0,"Black","No Information"
"3911",39,37,55000,1,0,0,0,0,0,1,0,1,1,0,0,"White","No Information"
"3915",25,27,60000,1,0,0,0,1,0,1,1,0,0,0,0,"White","No Information"
"3916",23,23,22000,0,1,0,0,0,0,0,1,0,0,0,0,"Other","No Information"
"3925",25,22,60000,0,0,0,0,0,0,1,0,0,0,0,0,"Black","No Information"
"3936",41,34,90000,1,0,0,0,0,0,1,1,0,0,1,0,"Asian","No Information"
"3944",27,25,22000,0,0,0,0,1,0,0,1,0,0,0,0,"Black","No"
"3946",40,33,38000,1,0,1,1,1,0,1,1,0,0,0,0,"Black","No Information"
"3947",26,25,32000,0,1,0,0,0,0,1,1,0,0,0,0,"White","No Information"
"3954",36,37,150000,1,0,0,0,1,0,1,1,0,0,0,0,"White","No Information"
"3957",36,37,20000,0,1,0,0,0,0,1,0,0,0,0,0,"White","No Information"
"3959",34,32,145000,1,0,0,0,0,1,1,1,0,0,0,1,"White","No Information"
"3974",24,24,30000,1,0,1,0,0,0,1,1,0,0,0,0,"Black","No"
"3975",33,35,0,0,0,0,0,0,0,0,0,0,0,0,0,"No Information","No Information"
"3983",54,29,12000,0,0,0,0,0,0,0,0,0,0,1,0,"Black","No Information"
"3984",36,33,25000,0,0,0,1,0,0,1,1,0,1,1,0,"Black","No Information"
"3993",28,30,50000,1,0,0,0,0,0,1,1,1,0,0,1,"Black","No"
"3996",27,25,15000,0,0,1,1,1,0,0,0,1,1,1,0,"Black","No Information"
"3998",26,31,30000,1,0,1,0,1,1,1,1,0,0,1,1,"Black","No Information"
"4005",28,29,30000,0,1,0,0,0,0,1,1,0,1,1,0,"Black","No Information"
"4007",23,24,65000,0,1,0,0,0,0,1,0,0,0,0,0,"White","No Information"
"4008",45,33,24000,0,0,0,0,0,0,1,1,0,1,0,0,"White","No Information"
"4010",43,33,13500,0,0,0,1,1,1,0,0,1,1,1,0,"Other","No Information"
"4023",18,18,14000,0,1,0,1,1,1,1,0,0,1,1,0,"Black","No Information"
"4025",38,35,50000,1,0,0,0,1,0,1,1,0,0,0,0,"Black","No Information"
"4031",23,23,35000,1,0,0,0,0,0,0,0,0,1,1,0,"White","No Information"
"4033",34,28,44000,1,0,0,0,1,1,1,1,0,0,0,1,"Other","No Information"
"4034",36,35,90000,0,0,0,0,0,0,1,1,0,0,0,0,"White","No Information"
"4036",30,27,10000,1,0,0,0,0,0,0,1,0,0,0,0,"Other","No Information"
"4038",31,32,160000,1,0,0,0,0,0,1,1,1,1,1,1,"White","No Information"
"4039",23,23,20000,1,0,0,0,0,0,1,0,0,0,0,0,"White","No Information"
"4042",37,33,40000,1,0,0,0,0,0,1,1,0,0,0,0,"Other","No Information"
"4050",48,45,40000,0,1,0,0,0,0,1,0,0,0,0,0,"Black","No Information"
"4051",22,22,30000,0,0,0,0,0,0,1,1,0,0,0,0,"Black","No Information"
"4053",48,34,42000,1,0,0,1,1,1,1,1,0,0,0,0,"Black","No Information"
"4059",29,24,60000,0,1,1,0,1,1,1,1,1,0,0,0,"Black","No Information"
"4060",22,22,10000,0,1,0,0,0,0,1,1,1,1,1,1,"Black","No Information"
"4064",31,27,50000,0,1,0,0,0,0,1,1,1,0,0,0,"Black","Yes"
"4075",33,28,35000,0,1,0,0,0,0,0,1,0,0,0,0,"White","No Information"
"4083",27,27,50000,0,1,1,0,0,0,1,1,0,0,0,0,"Black","No Information"
"4088",25,33,63000,1,0,0,0,1,0,1,1,1,1,1,0,"Black","No Information"
"4090",23,23,190000,0,0,0,1,1,0,1,1,0,1,1,0,"Black","No Information"
"4091",26,28,30000,0,1,0,0,0,0,1,0,0,0,0,0,"White","No Information"
"4094",30,31,67000,1,0,0,0,1,1,1,1,0,0,0,0,"Black","No Information"
"4095",24,24,30000,0,1,0,0,0,0,0,1,0,0,1,0,"Black","No Information"
"4098",27,28,80000,1,0,0,1,1,0,0,1,0,0,0,0,"Black","No Information"
"4100",39,36,7000,0,1,0,0,0,0,1,1,0,0,0,0,"Black","No Information"
"4101",28,25,20000,1,0,0,0,0,0,1,1,0,0,0,1,"White","No Information"
"4107",37,27,17000,0,0,0,0,0,0,0,0,0,0,0,0,"Black","No"
"4108",30,29,50000,0,1,0,0,0,1,0,0,0,0,0,0,"White","No Information"
"4111",28,27,40000,1,0,0,0,0,0,1,1,0,0,0,0,"Black","No Information"
"4113",39,38,35000,1,0,0,0,1,0,1,1,0,0,0,0,"White","No Information"
"4114",25,35,116000,0,0,0,0,0,0,0,1,0,0,0,0,"White","No Information"
"4121",27,24,52000,0,1,1,1,1,0,0,1,0,0,0,0,"Black","No Information"
"4122",24,23,65500,1,0,0,0,0,0,1,1,0,0,0,0,"White","No Information"
"4129",26,24,600,0,0,0,0,0,0,1,1,0,0,1,1,"Black","No"
"4131",26,28,200,0,0,0,0,1,0,1,1,0,0,1,0,"No Information","No Information"
"4132",31,28,4000,1,0,0,0,0,0,1,1,0,0,0,0,"Black","No Information"
"4133",28,27,45000,1,0,0,0,1,0,0,1,1,0,1,0,"White","No Information"
"4135",24,24,55000,0,0,0,0,0,0,1,1,0,1,1,1,"Black","No Information"
"4137",32,31,76000,1,0,1,0,0,0,1,0,0,0,0,0,"Black","No Information"
"4139",29,25,18000,0,0,0,0,0,0,1,1,1,1,1,0,"Black","No"
"4143",26,25,70000,0,1,0,0,0,0,1,0,1,0,1,1,"Black","No Information"
"4144",23,23,3000,1,0,0,0,0,0,1,1,0,0,0,0,"Other","No Information"
"4148",38,29,18000,0,0,0,0,0,0,1,1,0,0,0,0,"Black","No Information"
"4152",23,23,70000,0,0,1,0,0,0,1,1,0,0,0,0,"Black","No Information"
"4159",37,39,48000,0,1,0,0,0,0,1,0,0,0,0,0,"Black","No Information"
"4160",36,32,35000,0,1,0,1,0,0,1,1,0,1,1,0,"American Indian","No Information"
"4169",39,35,24000,1,0,1,0,0,0,1,1,0,0,0,0,"Black","No Information"
"4177",29,29,20000,0,0,0,0,0,0,1,0,0,0,1,0,"American Indian","No Information"
"4179",27,24,26000,0,0,0,0,0,0,1,1,0,0,0,0,"Black","No Information"
"4187",33,33,130000,1,0,0,0,0,0,1,1,0,0,0,0,"White","No Information"
"4189",40,40,90000,1,0,0,1,1,0,1,1,0,0,0,0,"Black","No"
"4192",27,23,35000,1,0,0,0,0,0,1,1,0,1,0,0,"Black","No Information"
"4197",40,38,70000,0,1,0,1,1,0,1,1,0,0,0,0,"White","No Information"
"4201",37,37,65000,1,0,0,0,1,0,1,1,0,0,0,0,"White","No Information"
"4203",28,24,90000,0,0,0,0,0,0,1,1,0,0,1,0,"Black","No Information"
"4211",27,27,40000,0,1,0,0,0,0,0,1,0,0,0,0,"Black","No Information"
"4214",28,29,30000,0,1,0,0,1,0,1,1,0,0,0,0,"Black","No Information"
"4217",38,27,29000,0,0,0,0,0,0,1,1,0,0,0,0,"Other","No Information"
"4219",33,37,70000,0,0,0,0,0,0,1,0,0,0,0,0,"Other","No Information"
"4223",41,39,45000,0,0,0,0,0,0,1,0,1,0,0,0,"Black","No Information"
"4225",38,35,62000,0,0,0,1,1,0,1,0,0,0,0,0,"Black","No Information"
"4227",26,27,150000,0,0,0,1,0,0,0,0,0,0,0,0,"Black","No Information"
"4234",35,31,60000,1,0,0,0,0,0,1,1,0,0,0,1,"Black","No Information"
"4239",39,32,38000,0,0,0,0,1,1,1,1,0,0,1,0,"White","No Information"
"4244",39,40,16000,0,1,0,0,1,0,0,0,0,0,0,0,"Black","No Information"
"4249",37,33,85000,1,0,0,0,0,0,1,1,0,0,0,0,"White","No Information"
"4258",46,35,61000,1,0,0,1,0,0,1,1,1,1,1,0,"White","Yes"
"4260",29,29,82000,1,0,0,0,1,0,1,1,0,0,1,0,"Black","No Information"
"4263",29,28,40000,1,0,0,0,0,0,1,1,0,0,0,0,"Black","No Information"
"4269",27,23,25500,0,1,0,0,0,0,0,0,0,0,0,0,"No Information","No Information"
"4275",38,33,1400,0,1,0,0,0,0,1,1,1,0,0,0,"Other","No Information"
"4282",47,27,23700,0,0,0,0,0,0,1,1,0,0,0,0,"Black","No"
"4285",33,25,0,0,1,0,0,1,0,0,1,0,0,0,0,"Black","No Information"
"4289",32,30,60000,0,0,1,0,1,0,1,1,0,0,1,0,"Other","No Information"
"4294",59,27,70000,0,0,0,0,0,0,1,1,0,0,0,0,"Black","No Information"
"4295",24,22,55000,0,1,0,0,0,0,0,1,0,0,1,0,"Other","No Information"
"4297",28,25,55000,1,0,0,1,0,0,1,1,0,0,0,0,"White","No Information"
"4306",37,37,120000,1,0,0,0,0,1,1,1,0,0,0,0,"White","No Information"
"4311",42,41,18000,0,0,0,1,1,0,1,1,0,1,1,0,"Black","No Information"
"4312",23,20,24000,1,0,0,0,1,0,1,1,0,0,1,0,"Black","No Information"
"4315",23,22,35000,1,0,0,0,0,0,0,0,0,0,0,0,"No Information","No Information"
"4318",44,29,40000,1,0,0,0,0,0,1,1,0,0,0,0,"Black","No Information"
"4319",31,28,85000,1,0,0,0,0,0,1,0,0,0,0,0,"White","No Information"
"4321",27,31,55000,1,0,0,0,0,0,1,1,1,0,0,0,"White","No Information"
"4322",26,21,50000,0,1,0,0,0,0,1,1,0,0,0,0,"American Indian","No Information"
"4326",30,29,40000,0,0,0,0,0,1,0,1,0,0,0,0,"White","No Information"
"4328",24,24,49000,0,1,0,0,0,0,1,1,1,1,0,1,"Black","No Information"
"4329",26,23,85000,1,0,0,1,0,0,1,1,0,1,0,1,"White","No Information"
"4330",29,27,65000,0,0,0,0,0,0,1,0,0,0,1,0,"Black","No"
"4331",36,29,13000,0,0,0,0,0,0,0,0,0,0,0,0,"Black","No Information"
"4332",32,36,95000,1,0,0,0,0,0,1,1,0,0,1,1,"Black","No Information"
"4342",35,28,10000,1,0,0,0,0,0,1,1,0,0,1,1,"White","No Information"
"4346",38,27,25000,0,1,0,0,0,0,1,1,0,0,0,0,"Black","No"
"4349",21,24,20000,1,0,0,0,0,0,0,0,0,0,1,0,"White","No Information"
"4355",27,23,50000,1,0,0,0,0,1,0,1,0,0,0,0,"Black","No Information"
"4356",37,41,58000,1,0,0,0,1,1,1,1,0,0,1,0,"White","No Information"
"4358",44,35,10000,0,0,0,0,0,0,1,1,0,0,0,0,"Black","No Information"
"4363",38,33,50000,1,0,0,1,0,0,0,1,0,0,1,0,"Black","No Information"
"4369",31,32,50000,0,1,1,0,0,0,1,1,1,0,1,0,"No Information","No Information"
"4378",22,23,35000,0,0,0,0,0,0,1,1,0,1,0,0,"Black","No"
"4384",32,31,65000,1,0,0,0,0,0,1,1,0,0,0,0,"White","No Information"
"4385",36,31,82000,1,0,1,0,1,0,1,1,1,0,0,0,"White","No"
"4388",49,42,250000,1,0,0,0,0,1,1,1,0,0,1,1,"White","No Information"
"4392",36,27,30000,0,0,0,0,0,0,1,1,1,0,0,1,"White","No Information"
"4395",34,32,60000,1,0,0,0,1,0,1,1,0,0,1,0,"No Information","No Information"
"4396",42,34,50000,1,0,0,0,1,1,1,1,0,0,0,0,"No Information","No Information"
"4398",40,40,105000,1,0,0,1,1,1,1,1,0,0,0,1,"White","No Information"
"4401",25,24,50000,0,0,0,0,1,0,1,1,0,0,0,0,"Black","No Information"
"4405",23,23,45000,0,1,0,0,0,0,0,0,1,0,0,0,"Black","No Information"
"4410",42,32,86000,1,0,0,0,0,0,1,1,0,0,0,0,"White","No Information"
"4413",28,29,13000,0,0,1,0,1,0,1,0,0,0,0,0,"Black","No Information"
"4415",22,33,35000,0,1,0,0,0,0,0,1,0,0,0,0,"Black","No Information"
"4416",25,26,52000,1,0,0,0,0,0,0,1,0,0,1,0,"American Indian","No Information"
"4427",25,25,50000,1,0,0,0,0,0,1,1,0,0,0,0,"Black","No Information"
"4428",38,37,190000,1,0,0,0,1,0,1,1,0,1,1,0,"White","No Information"
"4436",43,43,60000,1,0,0,0,0,0,0,0,0,0,1,0,"No Information","No Information"
"4438",34,28,230000,1,0,1,0,0,0,1,1,1,0,0,1,"Black","No Information"
"4446",36,35,50000,1,0,0,0,0,0,1,1,0,1,0,0,"White","No Information"
"4450",24,22,30000,0,0,0,0,0,0,0,1,0,0,0,0,"Black","No Information"
"4453",29,21,27000,0,0,0,0,0,0,0,1,0,0,0,0,"Black","No Information"
"4459",34,30,50000,1,0,1,1,1,0,1,1,0,0,0,0,"Black","No"
"4462",40,36,24000,0,0,1,1,1,0,0,0,1,0,1,0,"Black","No Information"
"4463",34,33,80000,1,0,0,0,0,0,0,1,0,0,0,0,"White","No Information"
"4465",24,20,36000,0,1,0,0,0,0,0,0,0,0,0,0,"Black","No Information"
"4466",32,32,66000,1,0,0,0,0,0,1,1,0,0,1,0,"White","No"
"4471",22,24,15000,1,0,0,0,0,0,0,0,0,0,0,0,"American Indian","No Information"
"4477",28,25,40000,0,0,0,0,0,0,1,0,0,0,0,0,"White","No Information"
"4487",32,30,70000,0,1,0,0,1,1,1,1,0,1,1,1,"Black","No Information"
"4488",39,38,135000,1,0,0,0,0,0,1,1,0,0,1,0,"White","No Information"
"4490",32,23,2100,0,0,0,0,0,0,1,1,1,1,1,0,"Black","No"
"4493",27,30,75000,1,0,0,0,0,0,0,0,0,0,0,0,"White","No Information"
"4498",28,31,60000,1,0,0,0,0,0,0,1,0,0,0,0,"White","No Information"
"4501",35,33,60000,0,0,0,0,0,0,1,1,0,0,0,0,"Black","No Information"
"4507",30,28,95000,0,1,0,0,0,0,1,1,0,0,0,0,"White","No Information"
"4515",24,22,30000,0,0,0,0,0,0,0,0,0,0,0,0,"White","No Information"
"4517",38,39,250000,1,0,0,0,0,0,1,1,1,1,0,1,"White","No Information"
"4519",29,23,50000,0,1,0,1,1,0,0,1,0,0,0,0,"White","No"
"4521",24,23,40000,0,1,0,0,0,0,1,1,0,0,0,0,"Black","No Information"
"4525",42,30,15000,0,1,0,0,0,0,1,1,1,0,0,0,"Black","No Information"
"4529",50,42,160000,0,0,0,0,0,0,1,1,0,0,1,0,"White","No Information"
"4543",29,23,38000,0,1,0,0,0,0,1,1,1,1,1,1,"Black","No Information"
"4545",37,43,110000,1,0,0,0,1,0,1,1,1,1,1,1,"Black","No Information"
"4546",35,25,40000,0,0,0,0,0,0,1,1,1,0,0,0,"No Information","No Information"
"4557",24,23,32000,0,1,0,0,0,0,0,1,0,0,0,0,"White","No Information"
"4558",34,40,120000,1,0,0,0,0,0,1,1,1,0,1,0,"White","No Information"
"4559",24,24,53000,0,0,0,0,0,0,1,1,1,1,1,0,"Black","No Information"
"4564",28,28,30000,0,1,1,1,1,0,1,1,0,0,0,0,"Black","No Information"
"4565",36,26,25000,1,0,0,0,0,0,0,0,0,0,0,0,"Black","No Information"
"4567",34,37,90000,1,0,0,0,0,0,0,0,0,0,0,0,"White","No Information"
"4569",29,25,62000,0,0,0,1,1,0,0,0,0,0,1,0,"Black","No Information"
"4572",42,44,70000,1,0,0,0,0,0,1,1,0,0,0,0,"White","No"
"4581",31,25,50000,0,0,0,0,1,0,1,1,0,0,0,0,"No Information","No Information"
"4586",23,25,35000,1,0,0,0,0,0,0,0,0,1,1,0,"Other","No Information"
"4587",27,25,36000,0,0,0,0,0,0,0,0,0,0,0,1,"Black","No"
"4589",24,25,4000,0,1,0,0,0,0,1,1,0,0,0,1,"Black","No Information"
"4591",32,28,45000,0,1,0,0,1,0,1,1,0,0,0,0,"Black","No Information"
"4598",37,37,60000,1,0,0,0,1,0,0,1,1,1,0,0,"Black","No Information"
"4609",29,29,55000,1,0,0,0,0,0,0,1,0,0,0,0,"White","No"
"4612",28,29,80000,1,0,0,0,0,0,1,1,1,0,0,0,"White","No Information"
"4618",26,32,19000,1,0,0,0,0,0,1,1,0,0,0,0,"White","No Information"
"4621",37,32,21000,0,1,0,0,1,0,0,1,0,0,0,0,"Black","No Information"
"4626",48,42,35000,1,0,0,1,0,0,1,1,0,1,0,0,"White","No Information"
"4635",29,23,50000,1,0,0,0,0,0,1,0,1,0,0,0,"White","No Information"
"4637",34,34,195000,1,0,0,0,0,1,1,1,0,0,0,0,"Asian","No Information"
"4647",32,31,80000,1,0,0,0,1,0,1,1,0,0,0,0,"White","No Information"
"4651",24,24,1e+05,0,0,0,0,0,0,1,1,1,0,0,0,"No Information","No Information"
"4657",29,29,48000,1,0,0,0,1,0,1,0,1,0,1,1,"Black","No Information"
"4658",35,35,94000,1,0,0,0,1,0,1,1,0,0,1,1,"White","No Information"
"4663",31,26,55000,1,0,0,0,0,0,1,0,0,1,0,0,"Other","No Information"
"4665",43,37,65000,0,1,0,0,0,0,1,0,0,0,1,0,"White","No Information"
"4669",49,40,45000,1,0,0,0,1,0,1,1,0,1,1,1,"Black","No Information"
"4671",27,23,85000,0,1,0,0,0,1,1,0,0,0,0,0,"Black","No Information"
"4677",38,35,19000,0,1,0,0,0,0,1,0,0,1,1,0,"Black","No Information"
"4678",39,39,44000,0,0,0,0,0,0,1,1,0,0,0,0,"White","No Information"
"4680",31,30,54000,1,0,0,1,1,0,1,1,0,1,0,0,"Black","No Information"
"4682",32,27,25000,0,1,0,0,0,0,0,0,0,0,0,0,"Black","No Information"
"4684",36,32,77000,1,0,0,0,1,0,1,1,1,0,1,1,"White","No Information"
"4689",47,40,52500,1,0,0,0,1,0,1,1,0,0,0,0,"White","No Information"
"4691",30,31,80000,1,0,0,0,0,0,0,1,0,1,0,0,"Black","No Information"
"4693",32,35,70000,1,0,0,0,0,0,0,1,0,0,0,0,"White","No Information"
"4696",37,27,80000,0,0,0,0,0,0,0,1,1,0,0,0,"Black","No Information"
"4698",31,31,80000,1,0,0,0,0,0,1,1,1,0,1,0,"White","No Information"
"4700",31,24,22200,0,0,1,0,0,0,0,1,1,0,0,0,"White","No Information"
"4709",35,25,28000,1,0,0,0,0,0,0,0,0,0,0,0,"White","No Information"
"4711",41,40,60000,0,1,0,1,1,0,1,1,0,0,0,0,"Black","No Information"
"4715",38,31,8000,0,0,0,0,0,0,1,0,1,1,1,0,"Black","No Information"
"4716",30,29,65000,1,0,0,0,0,0,0,1,0,0,1,0,"American Indian","No Information"
"4717",34,35,65000,1,0,0,0,0,0,1,0,1,0,0,0,"White","No"
"4718",24,28,15000,0,1,0,0,0,0,1,0,0,0,0,0,"Black","No Information"
"4728",35,30,85000,1,0,0,1,0,0,1,1,0,0,0,0,"White","No Information"
"4739",29,26,38000,1,0,0,0,0,0,0,1,0,0,0,0,"Other","No Information"
"4742",25,21,13000,0,0,0,0,1,1,0,0,0,0,0,0,"Black","No Information"
"4744",25,27,60000,1,0,0,1,1,0,1,1,0,0,1,0,"White","No Information"
"4748",29,27,12000,0,0,0,0,0,0,0,1,0,0,0,0,"Black","No Information"
"4749",33,35,180000,1,0,0,0,1,0,1,1,0,1,0,1,"White","No Information"
"4753",30,25,20000,0,1,0,0,0,0,1,1,0,0,1,0,"Black","No Information"
"4755",46,38,150000,1,0,0,0,0,0,1,1,1,0,1,0,"White","No Information"
"4760",33,30,45000,1,0,0,0,0,0,1,1,0,0,0,0,"Black","No Information"
"4763",31,25,55000,0,1,0,0,0,0,1,0,0,1,0,0,"Black","No"
"4772",26,27,66500,0,0,0,1,1,0,0,0,0,1,1,1,"American Indian","No Information"
"4773",35,30,20000,0,0,0,0,0,0,1,1,0,0,0,0,"No Information","No Information"
"4785",34,29,50000,1,0,0,0,0,0,0,1,0,0,0,0,"White","No Information"
"4793",26,22,20000,0,0,0,0,0,0,0,0,0,0,0,1,"White","No Information"
"4794",39,34,4000,0,1,0,1,0,0,0,0,0,0,0,0,"Black","No Information"
"4802",38,30,45000,1,0,0,0,0,0,1,1,0,0,0,0,"Asian","No Information"
"4803",23,23,1400,0,0,0,0,0,0,0,1,0,0,0,0,"Black","No Information"
"4806",37,41,550000,1,0,0,0,0,0,1,1,0,0,0,0,"White","No"
"4812",26,23,15000,0,1,0,0,0,0,1,1,0,0,0,0,"White","No Information"
"4823",42,36,65000,1,0,0,0,0,0,1,1,0,0,0,0,"Black","No Information"
"4830",26,24,35000,0,1,0,0,0,0,1,1,0,0,0,1,"White","Yes"
"4831",35,40,70000,1,0,0,0,1,0,1,1,0,0,0,0,"White","No Information"
"4833",22,21,14000,0,1,0,0,0,0,0,0,0,0,0,0,"White","No Information"
"4836",26,23,30000,1,0,0,0,0,0,1,1,0,0,1,0,"Black","No Information"
"4838",31,24,24000,0,0,0,0,0,0,0,1,0,0,1,0,"White","No Information"
"4840",30,30,35000,1,0,0,0,0,0,1,1,0,0,0,0,"Black","No Information"
"4842",41,38,40000,0,0,0,0,0,0,1,1,1,0,0,0,"Black","No"
"4844",30,28,60000,0,1,0,0,0,0,0,1,0,0,0,0,"Other","Yes"
"4846",32,25,15000,0,1,1,0,0,0,0,0,1,0,0,0,"Other","No Information"
"4852",41,35,2e+05,1,0,0,0,1,0,1,1,0,0,1,0,"White","No Information"
"4854",22,21,50000,0,0,0,0,0,0,0,0,0,0,1,1,"Black","No Information"
"4861",29,27,20000,0,1,0,0,1,0,1,1,0,0,0,0,"Black","No Information"
"4864",24,23,8000,1,0,0,0,1,0,0,0,0,0,0,0,"No Information","No Information"
"4865",27,23,19000,0,1,0,1,0,0,0,1,0,0,0,0,"Other","No Information"
"4866",26,24,24000,1,0,0,0,1,0,1,1,0,0,1,0,"No Information","No Information"
"4872",36,34,65000,1,0,1,0,1,0,1,1,1,0,0,0,"White","No Information"
"4873",35,30,52000,1,0,0,1,0,0,1,1,0,0,0,0,"White","No Information"
"4878",38,33,12000,1,0,0,0,0,0,1,1,0,1,1,0,"Black","No Information"
"4880",23,23,22000,1,0,0,0,0,0,0,1,0,0,0,0,"Black","No Information"
"4886",33,26,42000,1,0,0,0,0,0,1,1,0,1,1,0,"Black","No Information"
"4887",31,28,75000,0,1,0,1,1,1,1,1,0,0,0,1,"Black","No Information"
"4892",39,33,225000,1,0,0,0,0,0,1,1,0,0,0,0,"White","No Information"
"4897",26,22,50000,0,0,0,0,0,0,0,0,0,0,1,0,"Black","No Information"
